MaintenanceID,VehicleID,WorkshopName,MaintenanceType,IssueCategory,DowntimeHours,MaintenanceCost,MaintenanceDate,Year
1,V1007,North Hub,Corrective,Brake,32,2628,2020-03-12,2020
2,V1006,North Hub,Corrective,Engine,35,1044,2020-02-17,2020
3,V1014,North Hub,Preventive,Suspension,18,4236,2020-04-22,2020
4,V1037,East Hub,Preventive,Brake,26,4262,2020-06-23,2020
5,V1009,South Hub,Corrective,Engine,20,1559,2020-07-13,2020
6,V1022,East Hub,Corrective,Engine,15,4563,2020-10-01,2020
7,V1059,West Hub,Preventive,Suspension,15,3201,2020-11-17,2020
8,V1056,East Hub,Preventive,Engine,31,1175,2020-12-04,2020
9,V1049,East Hub,Preventive,Brake,19,1627,2020-07-13,2020
10,V1029,East Hub,Preventive,Transmission,20,3710,2020-04-17,2020
11,V1017,North Hub,Preventive,Suspension,33,2805,2020-03-24,2020
12,V1024,East Hub,Preventive,Transmission,26,1258,2020-04-27,2020
13,V1002,East Hub,Corrective,Transmission,38,1342,2020-04-18,2020
14,V1056,East Hub,Preventive,Electrical,30,4041,2020-11-25,2020
15,V1009,East Hub,Preventive,Brake,26,2952,2020-10-26,2020
16,V1057,West Hub,Corrective,Brake,25,1933,2020-09-17,2020
17,V1005,North Hub,Preventive,Brake,27,2110,2020-12-14,2020
18,V1038,North Hub,Corrective,Electrical,25,4634,2020-09-27,2020
19,V1035,North Hub,Preventive,Suspension,20,2985,2020-11-24,2020
20,V1007,East Hub,Corrective,Brake,22,4516,2020-01-02,2020
21,V1056,East Hub,Preventive,Suspension,35,1671,2020-11-16,2020
22,V1053,South Hub,Preventive,Transmission,21,2123,2020-10-03,2020
23,V1059,North Hub,Corrective,Electrical,36,959,2020-02-27,2020
24,V1056,East Hub,Preventive,Engine,23,2773,2020-10-17,2020
25,V1005,West Hub,Preventive,Suspension,14,1830,2020-03-06,2020
26,V1030,South Hub,Corrective,Suspension,33,4266,2020-04-18,2020
27,V1048,South Hub,Corrective,Electrical,29,3859,2020-08-12,2020
28,V1033,West Hub,Preventive,Brake,40,2640,2020-02-02,2020
29,V1001,South Hub,Preventive,Engine,22,1381,2020-12-28,2020
30,V1003,South Hub,Preventive,Engine,32,3506,2020-02-06,2020
31,V1015,East Hub,Corrective,Brake,28,1883,2020-10-19,2020
32,V1030,South Hub,Corrective,Electrical,30,2359,2020-02-18,2020
33,V1042,West Hub,Corrective,Electrical,15,4167,2020-08-27,2020
34,V1046,North Hub,Preventive,Engine,39,4098,2020-06-22,2020
35,V1055,North Hub,Preventive,Brake,37,2358,2020-10-01,2020
36,V1008,West Hub,Preventive,Transmission,26,4589,2020-05-07,2020
37,V1059,North Hub,Corrective,Suspension,39,1602,2020-01-26,2020
38,V1034,North Hub,Preventive,Brake,32,2162,2020-07-27,2020
39,V1030,South Hub,Corrective,Engine,27,2148,2020-07-13,2020
40,V1024,East Hub,Corrective,Transmission,12,4265,2020-12-22,2020
41,V1050,West Hub,Preventive,Brake,35,3230,2020-04-21,2020
42,V1037,North Hub,Corrective,Engine,13,1210,2020-10-26,2020
43,V1032,South Hub,Preventive,Suspension,27,1456,2020-04-05,2020
44,V1038,North Hub,Preventive,Electrical,14,1782,2020-10-18,2020
45,V1037,North Hub,Preventive,Electrical,19,3391,2020-05-13,2020
46,V1042,East Hub,Preventive,Transmission,18,4042,2020-03-08,2020
47,V1041,East Hub,Corrective,Transmission,33,1394,2020-01-05,2020
48,V1039,North Hub,Preventive,Suspension,26,2546,2020-09-16,2020
49,V1008,East Hub,Preventive,Brake,20,3827,2020-05-25,2020
50,V1028,East Hub,Preventive,Suspension,17,3252,2020-12-05,2020
51,V1056,South Hub,Corrective,Engine,15,1676,2020-10-10,2020
52,V1017,East Hub,Preventive,Transmission,16,2467,2020-12-17,2020
53,V1054,East Hub,Corrective,Transmission,32,1216,2020-02-17,2020
54,V1027,East Hub,Preventive,Engine,32,3532,2020-03-07,2020
55,V1016,South Hub,Corrective,Suspension,32,4303,2020-10-14,2020
56,V1007,North Hub,Preventive,Suspension,12,1095,2020-07-08,2020
57,V1035,South Hub,Corrective,Brake,30,1142,2020-06-06,2020
58,V1057,North Hub,Corrective,Brake,23,2844,2020-12-07,2020
59,V1022,West Hub,Preventive,Brake,15,2131,2020-03-31,2020
60,V1026,North Hub,Preventive,Transmission,40,4172,2020-12-08,2020
61,V1047,South Hub,Corrective,Brake,39,1685,2020-07-14,2020
62,V1002,West Hub,Preventive,Brake,39,4570,2020-06-28,2020
63,V1052,South Hub,Preventive,Engine,21,2382,2020-07-23,2020
64,V1017,North Hub,Corrective,Transmission,22,4973,2020-07-23,2020
65,V1053,East Hub,Preventive,Engine,33,2939,2020-04-01,2020
66,V1016,North Hub,Preventive,Suspension,30,4359,2020-06-25,2020
67,V1050,East Hub,Corrective,Suspension,35,4989,2020-02-29,2020
68,V1057,South Hub,Corrective,Engine,24,4372,2020-01-01,2020
69,V1059,South Hub,Corrective,Electrical,28,1373,2020-12-06,2020
70,V1039,East Hub,Preventive,Transmission,22,4954,2020-06-07,2020
71,V1026,East Hub,Corrective,Transmission,33,1842,2020-04-08,2020
72,V1042,West Hub,Preventive,Suspension,25,3265,2020-07-26,2020
73,V1053,North Hub,Corrective,Transmission,29,2521,2020-08-08,2020
74,V1037,East Hub,Corrective,Electrical,37,4422,2020-12-11,2020
75,V1032,West Hub,Preventive,Engine,18,3124,2020-09-20,2020
76,V1040,East Hub,Preventive,Brake,33,3342,2020-04-25,2020
77,V1012,South Hub,Preventive,Engine,37,2805,2020-08-31,2020
78,V1054,North Hub,Corrective,Electrical,31,2392,2020-12-22,2020
79,V1031,West Hub,Preventive,Brake,24,845,2020-02-24,2020
80,V1027,South Hub,Preventive,Suspension,36,4605,2020-01-26,2020
81,V1015,North Hub,Corrective,Brake,29,4606,2020-12-07,2020
82,V1035,East Hub,Corrective,Suspension,28,4935,2020-08-06,2020
83,V1058,West Hub,Preventive,Electrical,38,4486,2020-05-12,2020
84,V1015,East Hub,Corrective,Brake,36,3049,2020-08-13,2020
85,V1045,East Hub,Preventive,Transmission,14,3551,2020-06-12,2020
86,V1034,North Hub,Preventive,Brake,40,2694,2020-07-15,2020
87,V1009,South Hub,Preventive,Electrical,34,4139,2020-06-18,2020
88,V1029,West Hub,Preventive,Brake,29,4241,2020-07-18,2020
89,V1049,North Hub,Corrective,Electrical,40,848,2020-06-29,2020
90,V1048,West Hub,Corrective,Suspension,21,2606,2020-09-06,2020
91,V1017,West Hub,Corrective,Engine,19,3985,2020-06-21,2020
92,V1043,West Hub,Preventive,Electrical,33,1845,2020-11-14,2020
93,V1001,West Hub,Preventive,Engine,29,4311,2020-03-10,2020
94,V1029,South Hub,Preventive,Transmission,39,3905,2020-06-16,2020
95,V1029,East Hub,Corrective,Electrical,18,3079,2020-08-03,2020
96,V1053,North Hub,Corrective,Engine,20,1226,2020-06-28,2020
97,V1041,North Hub,Preventive,Engine,19,2825,2020-04-12,2020
98,V1001,South Hub,Preventive,Brake,38,4679,2020-12-08,2020
99,V1036,South Hub,Corrective,Transmission,15,3821,2020-03-26,2020
100,V1038,North Hub,Preventive,Transmission,31,1685,2020-10-23,2020
101,V1059,East Hub,Corrective,Electrical,12,2424,2020-02-08,2020
102,V1044,South Hub,Preventive,Transmission,30,1791,2020-10-16,2020
103,V1002,East Hub,Corrective,Transmission,37,1364,2020-09-16,2020
104,V1021,North Hub,Corrective,Electrical,32,1664,2020-08-09,2020
105,V1040,West Hub,Preventive,Electrical,23,2242,2020-09-24,2020
106,V1017,West Hub,Corrective,Electrical,32,2998,2020-06-14,2020
107,V1015,North Hub,Corrective,Electrical,39,2797,2020-08-25,2020
108,V1039,West Hub,Corrective,Engine,30,4849,2020-06-15,2020
109,V1031,South Hub,Corrective,Transmission,17,3588,2020-05-23,2020
110,V1038,East Hub,Preventive,Suspension,40,2365,2020-02-13,2020
111,V1046,West Hub,Corrective,Suspension,19,2768,2020-12-19,2020
112,V1041,West Hub,Corrective,Engine,27,1562,2020-05-30,2020
113,V1025,South Hub,Corrective,Suspension,19,3823,2020-08-30,2020
114,V1033,East Hub,Corrective,Suspension,29,3509,2020-06-29,2020
115,V1029,East Hub,Corrective,Transmission,34,2688,2020-03-02,2020
116,V1012,East Hub,Preventive,Suspension,35,2316,2020-04-08,2020
117,V1047,West Hub,Corrective,Suspension,18,3118,2020-02-21,2020
118,V1012,East Hub,Preventive,Transmission,38,2269,2020-06-03,2020
119,V1045,South Hub,Corrective,Engine,12,1246,2020-10-10,2020
120,V1044,South Hub,Corrective,Engine,21,900,2020-10-20,2020
121,V1030,West Hub,Corrective,Transmission,21,2310,2020-01-27,2020
122,V1055,West Hub,Preventive,Engine,20,4082,2020-09-08,2020
123,V1036,North Hub,Preventive,Brake,14,3289,2020-02-13,2020
124,V1007,West Hub,Preventive,Suspension,19,3916,2020-08-18,2020
125,V1019,West Hub,Corrective,Suspension,26,1293,2020-11-08,2020
126,V1006,South Hub,Preventive,Transmission,35,1465,2020-03-21,2020
127,V1011,North Hub,Preventive,Engine,19,4146,2020-08-18,2020
128,V1038,West Hub,Corrective,Engine,34,2696,2020-05-27,2020
129,V1018,West Hub,Preventive,Brake,34,2967,2020-11-16,2020
130,V1042,South Hub,Corrective,Engine,30,2641,2020-11-27,2020
131,V1058,East Hub,Preventive,Engine,16,1288,2020-03-25,2020
132,V1019,East Hub,Corrective,Engine,37,4639,2020-12-18,2020
133,V1044,West Hub,Corrective,Suspension,21,4845,2020-08-12,2020
134,V1038,North Hub,Corrective,Transmission,14,2851,2020-01-14,2020
135,V1014,North Hub,Corrective,Suspension,14,1129,2020-03-30,2020
136,V1033,West Hub,Corrective,Brake,27,4370,2020-11-21,2020
137,V1031,North Hub,Corrective,Transmission,38,4145,2020-06-19,2020
138,V1042,North Hub,Preventive,Transmission,22,4172,2020-12-21,2020
139,V1018,West Hub,Preventive,Electrical,27,1521,2020-06-10,2020
140,V1020,North Hub,Corrective,Suspension,20,809,2020-12-02,2020
141,V1034,West Hub,Corrective,Engine,39,2336,2020-09-22,2020
142,V1039,West Hub,Corrective,Engine,23,2467,2020-05-16,2020
143,V1008,East Hub,Corrective,Electrical,29,1794,2020-01-15,2020
144,V1038,South Hub,Preventive,Transmission,32,912,2020-10-09,2020
145,V1005,South Hub,Preventive,Electrical,25,1762,2020-11-27,2020
146,V1009,West Hub,Corrective,Suspension,38,3039,2020-07-31,2020
147,V1030,West Hub,Preventive,Electrical,38,1984,2020-07-15,2020
148,V1058,South Hub,Preventive,Transmission,18,4199,2020-06-23,2020
149,V1032,East Hub,Preventive,Transmission,37,3245,2020-10-27,2020
150,V1042,West Hub,Preventive,Electrical,30,4767,2020-06-25,2020
151,V1035,West Hub,Corrective,Transmission,22,2345,2020-12-23,2020
152,V1036,West Hub,Preventive,Electrical,19,1157,2020-06-11,2020
153,V1030,West Hub,Corrective,Brake,35,4857,2020-01-19,2020
154,V1032,East Hub,Preventive,Electrical,16,1616,2020-09-26,2020
155,V1000,South Hub,Corrective,Brake,26,1412,2020-08-28,2020
156,V1016,East Hub,Corrective,Engine,37,3491,2020-12-11,2020
157,V1034,West Hub,Corrective,Electrical,39,1094,2020-11-12,2020
158,V1015,East Hub,Preventive,Engine,14,4355,2020-02-20,2020
159,V1040,North Hub,Corrective,Brake,36,3253,2020-01-15,2020
160,V1020,North Hub,Corrective,Transmission,13,3870,2020-08-08,2020
161,V1015,West Hub,Preventive,Brake,16,2234,2020-02-10,2020
162,V1055,West Hub,Preventive,Electrical,31,1972,2020-04-28,2020
163,V1040,East Hub,Corrective,Transmission,26,876,2020-08-26,2020
164,V1018,South Hub,Preventive,Electrical,40,3630,2020-10-27,2020
165,V1040,West Hub,Corrective,Electrical,21,3274,2020-04-11,2020
166,V1054,West Hub,Preventive,Brake,24,3924,2020-10-19,2020
167,V1036,East Hub,Corrective,Engine,23,4042,2020-05-20,2020
168,V1036,North Hub,Corrective,Transmission,12,2685,2020-11-06,2020
169,V1022,South Hub,Preventive,Suspension,37,2853,2020-12-13,2020
170,V1046,South Hub,Preventive,Engine,36,3330,2020-08-13,2020
171,V1037,East Hub,Preventive,Engine,13,3217,2020-06-16,2020
172,V1026,South Hub,Preventive,Brake,35,3797,2020-09-28,2020
173,V1058,East Hub,Preventive,Transmission,28,4747,2020-05-31,2020
174,V1055,East Hub,Preventive,Electrical,35,1416,2020-03-13,2020
175,V1014,West Hub,Corrective,Engine,36,4032,2020-01-08,2020
176,V1034,North Hub,Corrective,Transmission,20,2947,2020-10-26,2020
177,V1052,East Hub,Preventive,Brake,24,4662,2020-01-13,2020
178,V1056,East Hub,Preventive,Engine,31,4603,2020-12-24,2020
179,V1041,West Hub,Preventive,Brake,21,1171,2020-01-20,2020
180,V1031,North Hub,Preventive,Brake,21,1911,2020-07-17,2020
181,V1023,West Hub,Preventive,Electrical,26,1611,2020-09-07,2020
182,V1026,East Hub,Preventive,Transmission,31,2579,2020-08-15,2020
183,V1015,East Hub,Preventive,Transmission,26,3738,2020-02-01,2020
184,V1017,South Hub,Preventive,Electrical,24,1550,2020-12-05,2020
185,V1041,North Hub,Preventive,Transmission,18,2795,2020-03-05,2020
186,V1036,South Hub,Preventive,Suspension,37,2497,2020-10-27,2020
187,V1052,South Hub,Corrective,Brake,18,823,2020-05-21,2020
188,V1009,South Hub,Corrective,Brake,39,1700,2020-12-04,2020
189,V1001,South Hub,Preventive,Transmission,39,2749,2020-10-28,2020
190,V1001,South Hub,Corrective,Engine,22,1838,2020-08-03,2020
191,V1007,North Hub,Corrective,Electrical,28,3765,2020-09-19,2020
192,V1006,West Hub,Preventive,Suspension,30,1155,2020-12-03,2020
193,V1019,West Hub,Preventive,Engine,28,4723,2020-07-24,2020
194,V1043,North Hub,Corrective,Electrical,25,1402,2020-02-11,2020
195,V1038,South Hub,Preventive,Brake,22,3052,2020-11-15,2020
196,V1037,East Hub,Corrective,Suspension,32,3215,2020-08-20,2020
197,V1038,West Hub,Preventive,Engine,28,2561,2020-08-08,2020
198,V1056,South Hub,Corrective,Transmission,26,4515,2020-07-23,2020
199,V1046,North Hub,Corrective,Electrical,25,3360,2020-12-06,2020
200,V1023,South Hub,Corrective,Engine,20,1547,2020-02-13,2020
201,V1027,North Hub,Corrective,Brake,14,1291,2020-10-27,2020
202,V1035,East Hub,Preventive,Electrical,29,3696,2020-12-06,2020
203,V1027,North Hub,Corrective,Suspension,36,3359,2020-06-29,2020
204,V1036,South Hub,Preventive,Electrical,15,2637,2020-02-25,2020
205,V1054,East Hub,Preventive,Transmission,23,2652,2020-08-07,2020
206,V1035,North Hub,Corrective,Engine,39,2277,2020-05-19,2020
207,V1048,East Hub,Corrective,Transmission,34,850,2020-04-02,2020
208,V1009,West Hub,Preventive,Brake,39,1051,2020-02-16,2020
209,V1033,South Hub,Corrective,Electrical,35,4516,2020-06-23,2020
210,V1023,East Hub,Corrective,Suspension,17,1495,2020-01-27,2020
211,V1010,North Hub,Preventive,Transmission,16,4429,2020-12-04,2020
212,V1031,West Hub,Corrective,Transmission,25,2565,2020-09-19,2020
213,V1022,West Hub,Preventive,Transmission,15,4786,2020-09-26,2020
214,V1019,North Hub,Preventive,Electrical,33,1248,2020-01-04,2020
215,V1019,South Hub,Preventive,Transmission,18,3171,2020-06-16,2020
216,V1000,West Hub,Corrective,Brake,15,1858,2020-07-13,2020
217,V1045,South Hub,Corrective,Engine,29,4052,2020-01-22,2020
218,V1001,West Hub,Preventive,Transmission,25,4316,2020-10-20,2020
219,V1045,West Hub,Corrective,Engine,24,4118,2020-01-11,2020
220,V1010,West Hub,Corrective,Engine,22,4377,2020-02-24,2020
221,V1027,West Hub,Preventive,Electrical,19,3341,2020-06-22,2020
222,V1021,South Hub,Preventive,Suspension,19,1734,2020-09-28,2020
223,V1012,East Hub,Corrective,Brake,28,2735,2020-02-22,2020
224,V1016,South Hub,Preventive,Suspension,16,2052,2020-12-01,2020
225,V1011,West Hub,Corrective,Suspension,14,4477,2020-12-14,2020
226,V1036,East Hub,Corrective,Brake,40,4402,2020-02-04,2020
227,V1028,East Hub,Corrective,Suspension,27,1260,2020-06-29,2020
228,V1004,East Hub,Corrective,Electrical,28,1108,2020-01-30,2020
229,V1053,East Hub,Preventive,Engine,23,4953,2020-07-15,2020
230,V1037,North Hub,Corrective,Suspension,26,2342,2020-06-13,2020
231,V1030,South Hub,Preventive,Electrical,31,1647,2020-06-24,2020
232,V1005,South Hub,Preventive,Brake,34,4386,2020-08-12,2020
233,V1033,South Hub,Corrective,Transmission,28,3117,2020-07-17,2020
234,V1049,East Hub,Preventive,Transmission,25,1339,2020-06-17,2020
235,V1035,West Hub,Corrective,Transmission,15,2031,2020-06-19,2020
236,V1037,South Hub,Corrective,Transmission,14,4010,2020-03-07,2020
237,V1045,North Hub,Corrective,Suspension,31,3885,2020-11-25,2020
238,V1021,South Hub,Preventive,Electrical,37,4965,2020-07-04,2020
239,V1023,East Hub,Preventive,Brake,12,3599,2020-09-05,2020
240,V1014,South Hub,Preventive,Engine,18,3223,2020-02-21,2020
241,V1049,North Hub,Corrective,Suspension,28,1873,2020-11-01,2020
242,V1009,South Hub,Preventive,Suspension,24,2156,2020-08-12,2020
243,V1026,East Hub,Preventive,Electrical,13,3134,2020-08-17,2020
244,V1034,South Hub,Corrective,Electrical,19,2389,2020-07-07,2020
245,V1036,West Hub,Corrective,Transmission,33,3928,2020-09-14,2020
246,V1026,South Hub,Preventive,Suspension,28,1933,2020-05-08,2020
247,V1041,West Hub,Corrective,Suspension,13,1640,2020-12-30,2020
248,V1033,North Hub,Corrective,Engine,39,2113,2020-05-19,2020
249,V1057,South Hub,Corrective,Engine,26,2618,2020-08-18,2020
250,V1022,North Hub,Corrective,Engine,40,4047,2020-09-14,2020
251,V1015,West Hub,Preventive,Transmission,23,2639,2020-01-15,2020
252,V1059,North Hub,Corrective,Brake,22,1927,2020-01-20,2020
253,V1058,West Hub,Preventive,Electrical,21,4474,2020-11-11,2020
254,V1057,North Hub,Preventive,Transmission,12,2566,2020-03-17,2020
255,V1046,West Hub,Preventive,Transmission,29,2746,2020-06-03,2020
256,V1003,South Hub,Corrective,Suspension,15,4544,2020-02-02,2020
257,V1053,West Hub,Preventive,Suspension,15,2781,2020-03-14,2020
258,V1027,North Hub,Corrective,Brake,21,4212,2020-04-05,2020
259,V1042,North Hub,Corrective,Engine,33,4956,2020-09-16,2020
260,V1001,West Hub,Corrective,Engine,29,3969,2020-07-10,2020
261,V1047,North Hub,Corrective,Engine,20,3624,2020-05-03,2020
262,V1042,North Hub,Corrective,Brake,35,1163,2020-06-29,2020
263,V1021,South Hub,Corrective,Electrical,29,2293,2020-03-10,2020
264,V1045,West Hub,Preventive,Transmission,14,2451,2020-01-23,2020
265,V1012,North Hub,Corrective,Transmission,37,4062,2020-10-05,2020
266,V1016,North Hub,Preventive,Transmission,27,3724,2020-01-25,2020
267,V1041,East Hub,Corrective,Engine,39,3814,2020-08-11,2020
268,V1025,West Hub,Corrective,Transmission,40,2330,2020-09-11,2020
269,V1031,East Hub,Corrective,Engine,34,4277,2020-02-10,2020
270,V1038,South Hub,Corrective,Transmission,25,1640,2020-02-10,2020
271,V1042,East Hub,Corrective,Electrical,22,4290,2020-03-26,2020
272,V1028,East Hub,Corrective,Engine,34,3688,2020-11-10,2020
273,V1017,North Hub,Preventive,Electrical,25,3776,2020-09-19,2020
274,V1047,South Hub,Preventive,Brake,37,4389,2020-01-18,2020
275,V1004,South Hub,Corrective,Transmission,16,3936,2020-10-17,2020
276,V1038,South Hub,Corrective,Transmission,13,3847,2020-08-15,2020
277,V1004,South Hub,Corrective,Electrical,36,3375,2020-11-28,2020
278,V1015,North Hub,Preventive,Brake,20,4888,2020-09-22,2020
279,V1058,North Hub,Corrective,Transmission,24,4455,2020-04-19,2020
280,V1018,West Hub,Preventive,Engine,31,1911,2020-02-07,2020
281,V1011,West Hub,Preventive,Transmission,26,3646,2020-12-29,2020
282,V1035,East Hub,Corrective,Brake,14,2226,2020-07-04,2020
283,V1014,North Hub,Preventive,Brake,28,2739,2020-09-09,2020
284,V1023,East Hub,Corrective,Suspension,12,1863,2020-11-09,2020
285,V1005,North Hub,Corrective,Electrical,40,4721,2020-09-26,2020
286,V1049,West Hub,Preventive,Brake,25,3397,2020-11-24,2020
287,V1028,West Hub,Corrective,Brake,14,2290,2020-03-07,2020
288,V1032,North Hub,Preventive,Suspension,25,2053,2020-06-04,2020
289,V1010,East Hub,Preventive,Transmission,17,3126,2020-02-10,2020
290,V1012,East Hub,Preventive,Transmission,20,1565,2020-09-14,2020
291,V1010,South Hub,Preventive,Suspension,32,3565,2020-10-15,2020
292,V1052,North Hub,Preventive,Engine,13,2968,2020-11-29,2020
293,V1049,West Hub,Preventive,Electrical,18,3172,2020-11-24,2020
294,V1030,South Hub,Corrective,Transmission,21,4515,2020-02-07,2020
295,V1003,South Hub,Corrective,Electrical,34,4766,2020-08-25,2020
296,V1021,South Hub,Corrective,Transmission,18,3629,2020-07-23,2020
297,V1048,East Hub,Preventive,Transmission,16,2780,2020-08-26,2020
298,V1017,West Hub,Preventive,Brake,15,1593,2020-01-26,2020
299,V1024,West Hub,Preventive,Brake,21,3482,2020-10-22,2020
300,V1020,South Hub,Preventive,Electrical,35,4624,2020-09-12,2020
301,V1019,West Hub,Preventive,Engine,40,4021,2020-09-15,2020
302,V1015,South Hub,Corrective,Engine,26,1214,2020-05-24,2020
303,V1038,West Hub,Corrective,Suspension,27,866,2020-02-25,2020
304,V1008,East Hub,Corrective,Electrical,25,3797,2020-01-24,2020
305,V1003,South Hub,Corrective,Suspension,24,3164,2020-02-07,2020
306,V1032,West Hub,Corrective,Suspension,24,1773,2020-03-06,2020
307,V1025,East Hub,Corrective,Suspension,15,3795,2020-03-14,2020
308,V1038,West Hub,Preventive,Engine,18,1118,2020-03-11,2020
309,V1021,West Hub,Corrective,Brake,34,1945,2020-06-16,2020
310,V1020,South Hub,Corrective,Suspension,31,3251,2020-10-30,2020
311,V1032,West Hub,Corrective,Electrical,22,936,2020-07-07,2020
312,V1043,North Hub,Corrective,Suspension,22,3320,2020-12-18,2020
313,V1001,West Hub,Corrective,Suspension,32,2664,2020-01-27,2020
314,V1030,South Hub,Corrective,Brake,30,2784,2020-01-17,2020
315,V1044,North Hub,Preventive,Engine,30,4412,2020-06-09,2020
316,V1009,West Hub,Preventive,Electrical,25,4910,2020-11-09,2020
317,V1055,North Hub,Preventive,Suspension,27,2498,2020-10-14,2020
318,V1042,West Hub,Corrective,Transmission,22,2218,2020-08-23,2020
319,V1021,East Hub,Corrective,Suspension,29,4766,2020-04-08,2020
320,V1017,East Hub,Preventive,Transmission,19,3167,2020-12-26,2020
321,V1044,West Hub,Corrective,Electrical,18,3657,2020-10-13,2020
322,V1046,East Hub,Corrective,Engine,37,3910,2020-07-21,2020
323,V1022,South Hub,Corrective,Engine,38,3156,2020-02-10,2020
324,V1059,West Hub,Corrective,Electrical,23,2552,2020-04-13,2020
325,V1034,East Hub,Corrective,Brake,38,1694,2020-11-11,2020
326,V1037,South Hub,Preventive,Engine,35,2648,2020-11-22,2020
327,V1003,North Hub,Corrective,Transmission,19,4669,2020-02-21,2020
328,V1049,South Hub,Preventive,Suspension,33,2093,2020-07-27,2020
329,V1059,West Hub,Corrective,Brake,32,3153,2020-06-13,2020
330,V1041,North Hub,Preventive,Suspension,21,2702,2020-09-30,2020
331,V1046,North Hub,Preventive,Electrical,35,2240,2020-01-19,2020
332,V1025,West Hub,Preventive,Transmission,38,1106,2020-01-05,2020
333,V1036,North Hub,Corrective,Transmission,21,4522,2020-11-24,2020
334,V1033,West Hub,Preventive,Suspension,29,4634,2020-05-19,2020
335,V1051,North Hub,Corrective,Brake,18,4559,2020-11-27,2020
336,V1045,South Hub,Preventive,Transmission,20,3216,2020-10-17,2020
337,V1048,South Hub,Preventive,Suspension,33,4121,2020-08-06,2020
338,V1020,North Hub,Corrective,Engine,28,2313,2020-03-12,2020
339,V1020,South Hub,Preventive,Transmission,27,3942,2020-04-30,2020
340,V1048,East Hub,Corrective,Transmission,26,893,2020-05-13,2020
341,V1023,South Hub,Preventive,Engine,32,4612,2020-06-06,2020
342,V1025,East Hub,Preventive,Transmission,17,3810,2020-11-10,2020
343,V1014,South Hub,Corrective,Brake,19,4527,2020-11-06,2020
344,V1026,West Hub,Preventive,Brake,23,1470,2020-09-26,2020
345,V1033,East Hub,Preventive,Suspension,26,1719,2020-02-01,2020
346,V1035,South Hub,Preventive,Brake,38,3487,2020-09-23,2020
347,V1007,South Hub,Corrective,Engine,26,4980,2020-08-16,2020
348,V1003,West Hub,Preventive,Suspension,37,4203,2020-08-21,2020
349,V1003,West Hub,Corrective,Engine,30,4043,2020-05-10,2020
350,V1000,South Hub,Preventive,Engine,38,4270,2020-06-25,2020
351,V1004,North Hub,Preventive,Electrical,34,1059,2020-05-26,2020
352,V1011,South Hub,Corrective,Transmission,25,3933,2020-08-17,2020
353,V1058,West Hub,Corrective,Engine,39,1889,2020-11-30,2020
354,V1022,North Hub,Preventive,Suspension,39,4019,2020-09-27,2020
355,V1046,South Hub,Preventive,Engine,16,3244,2020-08-25,2020
356,V1046,West Hub,Corrective,Brake,33,2827,2020-08-23,2020
357,V1009,East Hub,Preventive,Engine,23,1063,2020-12-04,2020
358,V1039,North Hub,Preventive,Brake,25,1351,2020-02-21,2020
359,V1002,West Hub,Preventive,Brake,31,1162,2020-07-24,2020
360,V1014,South Hub,Preventive,Brake,26,4927,2020-05-28,2020
361,V1052,East Hub,Corrective,Brake,19,3272,2020-03-14,2020
362,V1033,South Hub,Corrective,Transmission,33,3054,2020-02-01,2020
363,V1037,South Hub,Corrective,Suspension,29,4860,2020-01-25,2020
364,V1041,West Hub,Corrective,Electrical,23,4144,2020-03-17,2020
365,V1024,South Hub,Corrective,Brake,21,2646,2020-06-02,2020
366,V1045,South Hub,Corrective,Engine,39,4180,2020-08-01,2020
367,V1033,South Hub,Corrective,Brake,29,2888,2020-04-14,2020
368,V1041,North Hub,Corrective,Transmission,22,1557,2020-10-01,2020
369,V1053,South Hub,Preventive,Transmission,35,3889,2020-12-10,2020
370,V1038,North Hub,Preventive,Brake,31,2577,2020-09-02,2020
371,V1055,East Hub,Corrective,Engine,18,2535,2020-04-07,2020
372,V1007,West Hub,Preventive,Suspension,35,2475,2020-07-22,2020
373,V1035,East Hub,Corrective,Electrical,19,4619,2020-09-30,2020
374,V1022,East Hub,Corrective,Transmission,32,5000,2020-09-11,2020
375,V1006,West Hub,Corrective,Brake,26,3836,2020-06-09,2020
376,V1002,South Hub,Preventive,Engine,25,2936,2020-10-10,2020
377,V1037,West Hub,Corrective,Brake,30,2407,2020-06-17,2020
378,V1024,South Hub,Corrective,Suspension,19,3565,2020-05-11,2020
379,V1052,West Hub,Corrective,Electrical,36,2178,2020-06-29,2020
380,V1008,West Hub,Preventive,Suspension,17,1281,2020-09-25,2020
381,V1053,North Hub,Preventive,Engine,13,4178,2020-03-11,2020
382,V1040,South Hub,Preventive,Brake,38,874,2020-04-21,2020
383,V1029,East Hub,Preventive,Suspension,28,4758,2020-12-03,2020
384,V1001,North Hub,Corrective,Engine,27,937,2020-09-28,2020
385,V1017,East Hub,Preventive,Suspension,35,4327,2020-04-01,2020
386,V1058,North Hub,Preventive,Brake,15,2372,2020-11-13,2020
387,V1016,East Hub,Corrective,Electrical,28,1447,2020-07-10,2020
388,V1029,South Hub,Preventive,Transmission,24,1460,2020-11-30,2020
389,V1041,North Hub,Preventive,Electrical,39,3906,2020-07-12,2020
390,V1030,North Hub,Preventive,Brake,29,1477,2020-09-12,2020
391,V1027,East Hub,Preventive,Suspension,39,1148,2020-04-27,2020
392,V1057,West Hub,Corrective,Engine,18,1409,2020-12-16,2020
393,V1057,North Hub,Preventive,Transmission,20,928,2020-04-16,2020
394,V1009,West Hub,Preventive,Transmission,30,2130,2020-10-15,2020
395,V1036,West Hub,Corrective,Electrical,19,1946,2020-12-18,2020
396,V1005,East Hub,Preventive,Engine,35,4380,2020-04-28,2020
397,V1004,East Hub,Corrective,Transmission,38,1042,2020-11-20,2020
398,V1050,West Hub,Corrective,Brake,20,3714,2020-10-10,2020
399,V1027,South Hub,Corrective,Engine,24,3219,2020-05-06,2020
400,V1004,North Hub,Corrective,Brake,34,3912,2020-12-30,2020
401,V1040,South Hub,Corrective,Transmission,37,3754,2020-02-24,2020
402,V1000,East Hub,Corrective,Transmission,14,3009,2020-02-22,2020
403,V1005,South Hub,Corrective,Electrical,16,4997,2020-07-27,2020
404,V1001,North Hub,Corrective,Suspension,15,1562,2020-11-01,2020
405,V1050,East Hub,Corrective,Engine,31,3190,2020-07-30,2020
406,V1049,North Hub,Preventive,Suspension,24,2189,2020-12-16,2020
407,V1010,South Hub,Corrective,Transmission,24,2998,2020-09-09,2020
408,V1004,South Hub,Corrective,Transmission,16,4249,2020-06-02,2020
409,V1050,North Hub,Corrective,Transmission,27,2820,2020-11-16,2020
410,V1038,South Hub,Corrective,Engine,27,1909,2020-06-04,2020
411,V1025,East Hub,Corrective,Transmission,12,4406,2020-06-20,2020
412,V1052,South Hub,Corrective,Transmission,25,2445,2020-09-02,2020
413,V1011,West Hub,Corrective,Transmission,22,4822,2020-10-21,2020
414,V1015,East Hub,Corrective,Transmission,37,4018,2020-07-05,2020
415,V1059,South Hub,Preventive,Suspension,15,1020,2020-08-24,2020
416,V1013,West Hub,Corrective,Engine,34,4151,2020-12-10,2020
417,V1008,East Hub,Preventive,Transmission,27,2062,2020-08-04,2020
418,V1024,North Hub,Corrective,Suspension,37,4725,2020-10-25,2020
419,V1034,West Hub,Preventive,Transmission,24,1496,2020-02-25,2020
420,V1015,East Hub,Preventive,Suspension,36,1162,2020-10-15,2020
421,V1043,West Hub,Corrective,Electrical,32,1667,2020-01-06,2020
422,V1016,South Hub,Preventive,Electrical,15,3864,2020-07-19,2020
423,V1049,South Hub,Corrective,Engine,26,4754,2020-02-23,2020
424,V1026,North Hub,Preventive,Brake,21,3653,2020-06-08,2020
425,V1029,South Hub,Corrective,Transmission,22,4700,2020-02-19,2020
426,V1046,West Hub,Corrective,Engine,26,3259,2020-01-23,2020
427,V1045,North Hub,Preventive,Transmission,37,1695,2020-12-12,2020
428,V1010,South Hub,Preventive,Suspension,37,2111,2020-06-18,2020
429,V1027,West Hub,Preventive,Electrical,29,2311,2020-04-05,2020
430,V1042,West Hub,Corrective,Engine,32,2416,2020-08-18,2020
431,V1027,West Hub,Preventive,Brake,30,2485,2020-05-22,2020
432,V1045,North Hub,Preventive,Suspension,36,2331,2020-07-06,2020
433,V1012,West Hub,Preventive,Transmission,22,4809,2020-09-27,2020
434,V1020,West Hub,Corrective,Suspension,32,1735,2020-06-27,2020
435,V1054,West Hub,Preventive,Transmission,23,1494,2020-12-10,2020
436,V1020,North Hub,Preventive,Transmission,16,1758,2020-04-03,2020
437,V1044,South Hub,Corrective,Electrical,23,1929,2020-10-21,2020
438,V1027,South Hub,Corrective,Suspension,24,2219,2020-10-11,2020
439,V1031,East Hub,Preventive,Brake,17,3377,2020-08-18,2020
440,V1003,East Hub,Preventive,Electrical,31,1918,2020-04-09,2020
441,V1024,West Hub,Corrective,Electrical,38,4204,2020-12-29,2020
442,V1028,West Hub,Preventive,Engine,38,1052,2020-04-22,2020
443,V1002,East Hub,Preventive,Suspension,21,3164,2020-03-27,2020
444,V1029,West Hub,Preventive,Suspension,36,1735,2020-05-17,2020
445,V1034,East Hub,Preventive,Electrical,36,2590,2020-08-05,2020
446,V1047,South Hub,Corrective,Engine,15,4484,2020-05-14,2020
447,V1055,North Hub,Corrective,Engine,23,2741,2020-04-17,2020
448,V1047,East Hub,Corrective,Brake,37,1940,2020-04-15,2020
449,V1013,North Hub,Corrective,Suspension,38,3102,2020-11-01,2020
450,V1010,East Hub,Corrective,Transmission,29,2990,2020-09-20,2020
451,V1043,North Hub,Preventive,Electrical,40,1285,2020-05-21,2020
452,V1041,South Hub,Preventive,Brake,39,1998,2020-12-30,2020
453,V1053,South Hub,Corrective,Electrical,22,1964,2020-10-22,2020
454,V1017,West Hub,Corrective,Electrical,32,1418,2020-11-20,2020
455,V1056,North Hub,Corrective,Suspension,37,3079,2020-12-21,2020
456,V1023,West Hub,Corrective,Transmission,40,820,2020-02-17,2020
457,V1029,East Hub,Preventive,Suspension,35,4058,2020-04-21,2020
458,V1052,South Hub,Corrective,Transmission,25,3444,2020-05-25,2020
459,V1035,South Hub,Corrective,Transmission,22,1196,2020-01-24,2020
460,V1040,West Hub,Preventive,Engine,15,2094,2020-08-13,2020
461,V1000,West Hub,Preventive,Brake,26,3272,2020-03-22,2020
462,V1059,East Hub,Preventive,Transmission,39,2851,2020-02-12,2020
463,V1042,South Hub,Preventive,Electrical,23,3302,2020-12-24,2020
464,V1014,West Hub,Preventive,Engine,36,808,2020-04-19,2020
465,V1004,South Hub,Preventive,Suspension,27,4445,2020-01-05,2020
466,V1044,East Hub,Preventive,Electrical,12,1882,2020-09-01,2020
467,V1014,West Hub,Preventive,Engine,14,1645,2020-06-09,2020
468,V1056,East Hub,Preventive,Electrical,23,1890,2020-11-24,2020
469,V1009,North Hub,Preventive,Suspension,33,2144,2020-08-13,2020
470,V1046,South Hub,Preventive,Electrical,23,4424,2020-04-21,2020
471,V1057,North Hub,Preventive,Engine,14,3945,2020-06-28,2020
472,V1020,South Hub,Preventive,Transmission,25,1490,2020-05-07,2020
473,V1038,East Hub,Preventive,Transmission,29,2483,2020-09-22,2020
474,V1032,South Hub,Corrective,Transmission,31,1247,2020-05-02,2020
475,V1024,North Hub,Preventive,Electrical,27,1381,2020-09-27,2020
476,V1000,East Hub,Corrective,Brake,40,3968,2020-10-18,2020
477,V1023,South Hub,Corrective,Engine,25,936,2020-10-27,2020
478,V1000,East Hub,Preventive,Engine,14,1295,2020-07-22,2020
479,V1018,West Hub,Corrective,Electrical,28,1475,2020-11-23,2020
480,V1034,South Hub,Corrective,Engine,29,3338,2020-02-10,2020
481,V1058,South Hub,Preventive,Suspension,28,3476,2020-07-19,2020
482,V1040,North Hub,Corrective,Electrical,30,2754,2020-01-30,2020
483,V1005,West Hub,Preventive,Electrical,19,1250,2020-06-07,2020
484,V1047,South Hub,Preventive,Engine,33,1924,2020-12-25,2020
485,V1010,West Hub,Corrective,Suspension,12,2923,2020-03-26,2020
486,V1008,East Hub,Preventive,Engine,23,3544,2020-08-07,2020
487,V1033,North Hub,Corrective,Suspension,20,1431,2020-09-11,2020
488,V1032,East Hub,Preventive,Electrical,26,2167,2020-07-07,2020
489,V1016,North Hub,Preventive,Brake,17,4968,2020-01-02,2020
490,V1054,North Hub,Preventive,Engine,13,4664,2020-07-05,2020
491,V1058,South Hub,Preventive,Engine,24,4235,2020-04-24,2020
492,V1015,West Hub,Corrective,Transmission,22,1438,2020-10-19,2020
493,V1007,North Hub,Preventive,Brake,23,1176,2020-07-24,2020
494,V1056,West Hub,Corrective,Transmission,14,3481,2020-02-14,2020
495,V1029,North Hub,Corrective,Brake,29,3188,2020-10-15,2020
496,V1019,South Hub,Corrective,Transmission,37,4841,2020-04-10,2020
497,V1057,South Hub,Preventive,Engine,35,4159,2020-01-13,2020
498,V1034,East Hub,Preventive,Transmission,19,811,2020-12-02,2020
499,V1054,East Hub,Preventive,Brake,24,2751,2020-08-02,2020
500,V1003,South Hub,Corrective,Engine,27,1159,2020-04-28,2020
501,V1026,East Hub,Corrective,Engine,26,1582,2021-09-16,2021
502,V1040,West Hub,Preventive,Suspension,14,1310,2021-08-11,2021
503,V1008,South Hub,Corrective,Transmission,31,3380,2021-07-21,2021
504,V1053,East Hub,Corrective,Electrical,32,3027,2021-04-30,2021
505,V1012,South Hub,Preventive,Brake,12,1665,2021-03-26,2021
506,V1029,East Hub,Corrective,Engine,24,3735,2021-04-17,2021
507,V1019,West Hub,Corrective,Engine,24,1540,2021-03-22,2021
508,V1019,North Hub,Preventive,Transmission,31,2015,2021-02-16,2021
509,V1015,East Hub,Corrective,Suspension,32,1201,2021-12-13,2021
510,V1016,South Hub,Preventive,Electrical,19,4504,2021-10-12,2021
511,V1035,South Hub,Preventive,Electrical,33,1634,2021-03-13,2021
512,V1000,North Hub,Preventive,Brake,13,2423,2021-07-25,2021
513,V1043,North Hub,Corrective,Engine,21,978,2021-02-03,2021
514,V1057,West Hub,Preventive,Engine,16,3516,2021-03-04,2021
515,V1029,North Hub,Preventive,Suspension,11,4348,2021-07-22,2021
516,V1001,West Hub,Corrective,Brake,25,3699,2021-04-20,2021
517,V1017,East Hub,Corrective,Brake,15,1083,2021-11-11,2021
518,V1039,South Hub,Corrective,Electrical,29,4175,2021-10-09,2021
519,V1003,North Hub,Corrective,Electrical,25,1924,2021-08-03,2021
520,V1041,South Hub,Preventive,Electrical,16,3741,2021-09-03,2021
521,V1050,West Hub,Corrective,Suspension,27,4915,2021-06-14,2021
522,V1017,South Hub,Preventive,Transmission,22,2594,2021-01-16,2021
523,V1017,North Hub,Corrective,Suspension,34,3728,2021-10-27,2021
524,V1010,North Hub,Preventive,Brake,17,2983,2021-10-01,2021
525,V1003,South Hub,Corrective,Transmission,33,2223,2021-04-01,2021
526,V1037,East Hub,Corrective,Suspension,17,1031,2021-12-27,2021
527,V1022,South Hub,Preventive,Electrical,32,3331,2021-03-31,2021
528,V1002,North Hub,Preventive,Brake,25,2592,2021-01-11,2021
529,V1030,North Hub,Corrective,Suspension,26,2450,2021-03-08,2021
530,V1045,South Hub,Corrective,Engine,20,979,2021-03-17,2021
531,V1045,South Hub,Preventive,Suspension,28,3789,2021-02-07,2021
532,V1045,West Hub,Preventive,Transmission,21,3272,2021-06-15,2021
533,V1010,West Hub,Corrective,Transmission,14,2227,2021-12-29,2021
534,V1044,East Hub,Preventive,Suspension,27,2236,2021-07-13,2021
535,V1046,East Hub,Preventive,Brake,19,814,2021-12-26,2021
536,V1025,North Hub,Preventive,Suspension,28,3406,2021-11-10,2021
537,V1040,North Hub,Corrective,Brake,17,3512,2021-02-09,2021
538,V1022,East Hub,Preventive,Engine,17,3550,2021-08-17,2021
539,V1016,South Hub,Preventive,Engine,10,3671,2021-05-12,2021
540,V1046,North Hub,Preventive,Electrical,13,4389,2021-08-03,2021
541,V1056,West Hub,Corrective,Electrical,15,3677,2021-10-07,2021
542,V1006,West Hub,Preventive,Brake,22,4496,2021-02-07,2021
543,V1018,North Hub,Corrective,Transmission,11,1657,2021-02-07,2021
544,V1010,West Hub,Preventive,Engine,20,1562,2021-06-23,2021
545,V1039,West Hub,Preventive,Electrical,29,2151,2021-11-07,2021
546,V1010,North Hub,Preventive,Transmission,23,2483,2021-04-08,2021
547,V1044,East Hub,Corrective,Transmission,23,2745,2021-02-19,2021
548,V1025,West Hub,Preventive,Engine,11,3755,2021-01-02,2021
549,V1005,East Hub,Corrective,Brake,23,1594,2021-01-14,2021
550,V1010,East Hub,Preventive,Electrical,16,1746,2021-06-07,2021
551,V1030,West Hub,Corrective,Engine,22,3974,2021-04-05,2021
552,V1056,West Hub,Corrective,Brake,21,4451,2021-01-23,2021
553,V1028,West Hub,Corrective,Brake,18,3000,2021-10-16,2021
554,V1009,North Hub,Preventive,Transmission,11,4191,2021-10-29,2021
555,V1035,North Hub,Corrective,Suspension,17,4229,2021-10-02,2021
556,V1055,West Hub,Preventive,Electrical,31,3248,2021-02-10,2021
557,V1057,North Hub,Preventive,Engine,22,4478,2021-03-30,2021
558,V1013,South Hub,Preventive,Engine,15,4268,2021-02-10,2021
559,V1027,South Hub,Preventive,Suspension,31,2912,2021-06-13,2021
560,V1058,North Hub,Preventive,Electrical,33,4055,2021-10-10,2021
561,V1054,East Hub,Corrective,Engine,20,4237,2021-02-27,2021
562,V1009,South Hub,Preventive,Engine,23,1627,2021-05-27,2021
563,V1056,East Hub,Corrective,Transmission,27,3937,2021-12-02,2021
564,V1036,West Hub,Preventive,Brake,25,3056,2021-07-26,2021
565,V1039,West Hub,Preventive,Electrical,14,3515,2021-12-20,2021
566,V1003,West Hub,Corrective,Transmission,17,965,2021-06-22,2021
567,V1019,East Hub,Corrective,Engine,19,2667,2021-03-10,2021
568,V1047,West Hub,Corrective,Transmission,19,4214,2021-11-06,2021
569,V1005,South Hub,Corrective,Brake,30,4135,2021-09-06,2021
570,V1033,East Hub,Preventive,Suspension,34,2102,2021-02-03,2021
571,V1045,West Hub,Preventive,Suspension,19,1037,2021-03-30,2021
572,V1056,South Hub,Preventive,Brake,16,1070,2021-08-22,2021
573,V1058,East Hub,Preventive,Transmission,11,3817,2021-08-26,2021
574,V1025,North Hub,Preventive,Brake,26,3851,2021-09-08,2021
575,V1028,South Hub,Corrective,Suspension,29,3665,2021-06-26,2021
576,V1053,East Hub,Preventive,Transmission,15,1024,2021-07-17,2021
577,V1010,South Hub,Preventive,Brake,11,2493,2021-05-18,2021
578,V1026,North Hub,Preventive,Electrical,30,1883,2021-11-28,2021
579,V1038,North Hub,Preventive,Transmission,15,3302,2021-12-31,2021
580,V1041,East Hub,Corrective,Electrical,32,3656,2021-08-24,2021
581,V1013,West Hub,Corrective,Suspension,18,4053,2021-10-27,2021
582,V1000,East Hub,Corrective,Transmission,13,1685,2021-09-04,2021
583,V1021,East Hub,Corrective,Transmission,12,2939,2021-12-02,2021
584,V1057,East Hub,Preventive,Brake,32,2768,2021-01-30,2021
585,V1025,East Hub,Preventive,Engine,29,4874,2021-06-01,2021
586,V1058,West Hub,Corrective,Electrical,18,1089,2021-10-26,2021
587,V1036,South Hub,Corrective,Brake,32,4697,2021-12-10,2021
588,V1032,East Hub,Preventive,Suspension,21,2283,2021-05-31,2021
589,V1030,South Hub,Corrective,Suspension,13,2299,2021-12-15,2021
590,V1041,North Hub,Preventive,Transmission,20,2629,2021-06-07,2021
591,V1050,East Hub,Corrective,Transmission,23,3208,2021-08-26,2021
592,V1030,North Hub,Preventive,Electrical,13,2393,2021-09-14,2021
593,V1055,West Hub,Corrective,Electrical,13,1242,2021-03-19,2021
594,V1012,East Hub,Corrective,Suspension,14,4548,2021-03-15,2021
595,V1055,South Hub,Preventive,Electrical,20,3524,2021-11-20,2021
596,V1020,North Hub,Preventive,Electrical,15,3040,2021-04-18,2021
597,V1049,South Hub,Preventive,Electrical,34,1521,2021-03-08,2021
598,V1027,West Hub,Corrective,Electrical,29,4710,2021-07-16,2021
599,V1002,South Hub,Corrective,Engine,10,3439,2021-09-29,2021
600,V1001,North Hub,Preventive,Brake,16,3620,2021-06-09,2021
601,V1006,West Hub,Corrective,Brake,14,1334,2021-01-24,2021
602,V1018,West Hub,Corrective,Electrical,19,1896,2021-06-25,2021
603,V1022,South Hub,Preventive,Electrical,25,956,2021-04-27,2021
604,V1046,South Hub,Preventive,Engine,17,4933,2021-03-28,2021
605,V1023,North Hub,Corrective,Transmission,13,1198,2021-11-01,2021
606,V1042,North Hub,Preventive,Engine,11,1748,2021-08-02,2021
607,V1024,North Hub,Corrective,Electrical,24,2054,2021-04-16,2021
608,V1043,North Hub,Corrective,Electrical,32,1627,2021-12-06,2021
609,V1017,South Hub,Corrective,Engine,26,4990,2021-11-13,2021
610,V1018,North Hub,Preventive,Electrical,13,2427,2021-11-08,2021
611,V1049,East Hub,Preventive,Transmission,16,4156,2021-06-01,2021
612,V1002,West Hub,Preventive,Electrical,15,3508,2021-05-01,2021
613,V1000,North Hub,Preventive,Suspension,10,4847,2021-03-18,2021
614,V1049,North Hub,Preventive,Transmission,12,2693,2021-08-22,2021
615,V1016,West Hub,Preventive,Engine,19,2231,2021-01-21,2021
616,V1023,East Hub,Corrective,Engine,19,1578,2021-01-24,2021
617,V1054,South Hub,Preventive,Transmission,10,3728,2021-08-13,2021
618,V1017,North Hub,Corrective,Transmission,29,2298,2021-02-28,2021
619,V1025,West Hub,Corrective,Electrical,22,4717,2021-08-04,2021
620,V1056,South Hub,Preventive,Brake,30,1280,2021-03-23,2021
621,V1026,West Hub,Corrective,Brake,13,3910,2021-07-03,2021
622,V1001,South Hub,Corrective,Electrical,29,1725,2021-07-30,2021
623,V1002,North Hub,Corrective,Transmission,24,901,2021-12-27,2021
624,V1033,South Hub,Corrective,Suspension,31,1580,2021-08-10,2021
625,V1046,South Hub,Corrective,Transmission,31,3952,2021-03-18,2021
626,V1057,North Hub,Preventive,Brake,27,4941,2021-08-29,2021
627,V1055,South Hub,Preventive,Electrical,25,3426,2021-05-04,2021
628,V1017,North Hub,Preventive,Suspension,20,3901,2021-07-26,2021
629,V1005,West Hub,Corrective,Suspension,17,4470,2021-02-15,2021
630,V1028,East Hub,Preventive,Electrical,25,945,2021-02-22,2021
631,V1026,North Hub,Preventive,Engine,22,3295,2021-09-18,2021
632,V1013,West Hub,Corrective,Transmission,27,1244,2021-04-25,2021
633,V1021,West Hub,Corrective,Electrical,24,1734,2021-02-19,2021
634,V1042,South Hub,Preventive,Transmission,34,3709,2021-11-21,2021
635,V1035,East Hub,Preventive,Engine,19,2144,2021-09-10,2021
636,V1052,West Hub,Preventive,Transmission,14,2404,2021-04-07,2021
637,V1059,West Hub,Preventive,Electrical,13,2361,2021-06-23,2021
638,V1048,West Hub,Preventive,Suspension,13,1809,2021-08-19,2021
639,V1042,South Hub,Corrective,Engine,24,1197,2021-10-11,2021
640,V1053,West Hub,Preventive,Suspension,23,2222,2021-03-07,2021
641,V1024,East Hub,Corrective,Electrical,13,2833,2021-05-21,2021
642,V1021,East Hub,Corrective,Brake,22,1931,2021-07-31,2021
643,V1044,East Hub,Corrective,Suspension,29,2580,2021-04-13,2021
644,V1039,East Hub,Corrective,Brake,16,2256,2021-09-15,2021
645,V1044,East Hub,Preventive,Transmission,27,4735,2021-10-26,2021
646,V1042,West Hub,Corrective,Electrical,28,904,2021-09-25,2021
647,V1001,West Hub,Preventive,Engine,13,1263,2021-04-13,2021
648,V1048,South Hub,Corrective,Transmission,18,1999,2021-02-01,2021
649,V1050,East Hub,Preventive,Suspension,32,1064,2021-07-03,2021
650,V1006,South Hub,Corrective,Brake,24,4985,2021-12-23,2021
651,V1044,North Hub,Corrective,Electrical,19,4212,2021-12-17,2021
652,V1035,North Hub,Preventive,Transmission,20,2463,2021-11-14,2021
653,V1055,West Hub,Preventive,Transmission,34,2409,2021-04-10,2021
654,V1028,South Hub,Preventive,Brake,19,2223,2021-09-21,2021
655,V1024,North Hub,Corrective,Transmission,13,2964,2021-03-08,2021
656,V1037,East Hub,Preventive,Transmission,15,4620,2021-12-30,2021
657,V1002,South Hub,Corrective,Suspension,14,1216,2021-11-17,2021
658,V1053,East Hub,Corrective,Suspension,29,3733,2021-02-07,2021
659,V1020,South Hub,Preventive,Suspension,32,1358,2021-09-16,2021
660,V1026,West Hub,Preventive,Transmission,15,2612,2021-04-20,2021
661,V1021,East Hub,Corrective,Transmission,31,2589,2021-11-13,2021
662,V1030,North Hub,Preventive,Transmission,26,4450,2021-05-04,2021
663,V1039,South Hub,Preventive,Transmission,30,3924,2021-02-28,2021
664,V1016,East Hub,Preventive,Suspension,22,3871,2021-09-21,2021
665,V1028,West Hub,Preventive,Transmission,26,2377,2021-06-14,2021
666,V1005,North Hub,Preventive,Suspension,26,860,2021-11-17,2021
667,V1013,South Hub,Corrective,Engine,12,2484,2021-10-03,2021
668,V1056,West Hub,Preventive,Brake,32,994,2021-08-24,2021
669,V1021,North Hub,Preventive,Engine,32,1244,2021-04-02,2021
670,V1035,North Hub,Preventive,Transmission,18,4139,2021-07-18,2021
671,V1040,West Hub,Corrective,Transmission,24,938,2021-07-19,2021
672,V1007,North Hub,Preventive,Suspension,31,1172,2021-12-25,2021
673,V1022,North Hub,Corrective,Transmission,12,1508,2021-05-25,2021
674,V1059,West Hub,Corrective,Electrical,34,1052,2021-08-31,2021
675,V1034,South Hub,Preventive,Electrical,15,3216,2021-11-21,2021
676,V1019,East Hub,Preventive,Suspension,14,1958,2021-03-05,2021
677,V1000,West Hub,Preventive,Transmission,11,2520,2021-06-26,2021
678,V1026,South Hub,Preventive,Brake,16,2608,2021-11-12,2021
679,V1012,North Hub,Preventive,Suspension,18,1245,2021-10-09,2021
680,V1041,North Hub,Corrective,Engine,24,2853,2021-02-20,2021
681,V1046,West Hub,Corrective,Transmission,16,1850,2021-12-10,2021
682,V1015,North Hub,Corrective,Suspension,30,1371,2021-04-10,2021
683,V1031,West Hub,Corrective,Suspension,20,3304,2021-12-22,2021
684,V1009,East Hub,Corrective,Electrical,28,2181,2021-01-03,2021
685,V1015,South Hub,Corrective,Transmission,20,3744,2021-03-10,2021
686,V1046,East Hub,Corrective,Electrical,31,4448,2021-07-03,2021
687,V1019,West Hub,Preventive,Brake,34,1471,2021-05-24,2021
688,V1057,South Hub,Corrective,Engine,14,1417,2021-01-10,2021
689,V1040,North Hub,Corrective,Suspension,26,2542,2021-01-19,2021
690,V1016,West Hub,Preventive,Transmission,27,4015,2021-04-25,2021
691,V1037,East Hub,Preventive,Electrical,34,4905,2021-09-19,2021
692,V1025,East Hub,Preventive,Brake,12,2158,2021-09-21,2021
693,V1028,South Hub,Preventive,Suspension,14,1997,2021-09-05,2021
694,V1002,South Hub,Corrective,Brake,21,1314,2021-05-16,2021
695,V1014,North Hub,Preventive,Suspension,21,3759,2021-07-18,2021
696,V1058,West Hub,Preventive,Engine,25,3454,2021-02-22,2021
697,V1033,East Hub,Corrective,Suspension,32,2224,2021-07-12,2021
698,V1024,East Hub,Preventive,Suspension,30,2860,2021-07-12,2021
699,V1033,West Hub,Corrective,Transmission,17,4788,2021-09-04,2021
700,V1000,South Hub,Corrective,Brake,29,2684,2021-02-09,2021
701,V1041,East Hub,Preventive,Brake,26,2331,2021-03-22,2021
702,V1038,North Hub,Preventive,Electrical,21,3505,2021-02-28,2021
703,V1043,West Hub,Corrective,Brake,25,2120,2021-11-28,2021
704,V1001,South Hub,Preventive,Brake,23,2119,2021-03-10,2021
705,V1032,North Hub,Preventive,Engine,30,2162,2021-05-13,2021
706,V1033,West Hub,Preventive,Transmission,15,1502,2021-04-21,2021
707,V1038,West Hub,Corrective,Brake,24,2597,2021-07-30,2021
708,V1009,South Hub,Corrective,Brake,29,3607,2021-08-21,2021
709,V1037,North Hub,Preventive,Electrical,29,3957,2021-03-09,2021
710,V1001,South Hub,Corrective,Brake,13,1588,2021-04-01,2021
711,V1057,North Hub,Preventive,Engine,25,4750,2021-12-04,2021
712,V1057,North Hub,Corrective,Suspension,14,4246,2021-07-09,2021
713,V1044,West Hub,Preventive,Electrical,11,3923,2021-06-29,2021
714,V1051,North Hub,Corrective,Brake,28,2885,2021-09-02,2021
715,V1014,North Hub,Corrective,Suspension,34,4147,2021-05-12,2021
716,V1000,North Hub,Preventive,Suspension,16,858,2021-07-12,2021
717,V1013,East Hub,Corrective,Transmission,30,1673,2021-03-21,2021
718,V1041,East Hub,Corrective,Suspension,23,4269,2021-10-17,2021
719,V1039,East Hub,Corrective,Brake,21,4185,2021-10-10,2021
720,V1030,South Hub,Corrective,Suspension,27,4762,2021-05-10,2021
721,V1036,East Hub,Corrective,Brake,19,1775,2021-04-28,2021
722,V1050,South Hub,Preventive,Brake,24,4964,2021-07-25,2021
723,V1051,North Hub,Preventive,Electrical,20,843,2021-02-16,2021
724,V1030,West Hub,Preventive,Engine,14,2955,2021-04-24,2021
725,V1005,North Hub,Corrective,Electrical,21,3146,2021-12-31,2021
726,V1003,South Hub,Corrective,Electrical,29,887,2021-04-14,2021
727,V1059,East Hub,Preventive,Engine,31,4982,2021-09-22,2021
728,V1014,South Hub,Preventive,Transmission,32,2759,2021-12-02,2021
729,V1010,North Hub,Corrective,Electrical,10,3692,2021-12-09,2021
730,V1025,South Hub,Preventive,Engine,22,1538,2021-10-09,2021
731,V1046,East Hub,Corrective,Transmission,19,2653,2021-11-07,2021
732,V1029,West Hub,Preventive,Transmission,16,2233,2021-07-28,2021
733,V1006,North Hub,Corrective,Transmission,26,1758,2021-09-20,2021
734,V1056,East Hub,Corrective,Electrical,18,4761,2021-05-05,2021
735,V1021,West Hub,Corrective,Suspension,34,1024,2021-09-04,2021
736,V1016,North Hub,Corrective,Brake,13,2683,2021-06-11,2021
737,V1022,North Hub,Corrective,Brake,23,3153,2021-02-17,2021
738,V1043,East Hub,Preventive,Suspension,22,2262,2021-09-01,2021
739,V1022,South Hub,Corrective,Brake,20,2357,2021-09-13,2021
740,V1012,South Hub,Preventive,Transmission,33,2493,2021-04-28,2021
741,V1053,South Hub,Corrective,Brake,16,1673,2021-03-03,2021
742,V1043,West Hub,Preventive,Suspension,12,1146,2021-09-04,2021
743,V1039,East Hub,Corrective,Suspension,21,3050,2021-09-09,2021
744,V1048,East Hub,Corrective,Brake,15,1850,2021-01-28,2021
745,V1051,West Hub,Corrective,Suspension,26,1066,2021-09-15,2021
746,V1025,South Hub,Corrective,Engine,21,4568,2021-06-11,2021
747,V1000,North Hub,Preventive,Electrical,32,1625,2021-06-16,2021
748,V1039,East Hub,Preventive,Suspension,21,2953,2021-05-02,2021
749,V1030,East Hub,Corrective,Brake,18,4885,2021-08-06,2021
750,V1026,East Hub,Corrective,Electrical,16,3090,2021-08-19,2021
751,V1036,South Hub,Preventive,Engine,15,3011,2021-05-01,2021
752,V1027,West Hub,Preventive,Brake,27,2025,2021-08-31,2021
753,V1011,West Hub,Corrective,Brake,10,3386,2021-09-07,2021
754,V1016,North Hub,Corrective,Engine,19,2138,2021-01-31,2021
755,V1052,East Hub,Corrective,Engine,16,4485,2021-06-21,2021
756,V1023,East Hub,Corrective,Transmission,18,962,2021-07-30,2021
757,V1022,South Hub,Preventive,Transmission,13,3709,2021-06-16,2021
758,V1032,West Hub,Corrective,Engine,31,3921,2021-11-11,2021
759,V1029,South Hub,Preventive,Transmission,19,4255,2021-11-20,2021
760,V1036,West Hub,Preventive,Engine,29,2127,2021-06-25,2021
761,V1020,East Hub,Corrective,Transmission,17,4039,2021-05-19,2021
762,V1049,East Hub,Corrective,Electrical,24,2170,2021-04-05,2021
763,V1008,South Hub,Corrective,Engine,10,2525,2021-03-27,2021
764,V1006,North Hub,Preventive,Electrical,22,1240,2021-01-14,2021
765,V1025,North Hub,Preventive,Transmission,34,2072,2021-02-13,2021
766,V1059,West Hub,Corrective,Brake,30,2826,2021-05-26,2021
767,V1040,South Hub,Preventive,Suspension,24,2197,2021-01-15,2021
768,V1042,East Hub,Corrective,Electrical,11,4627,2021-10-04,2021
769,V1035,West Hub,Preventive,Suspension,18,2250,2021-10-30,2021
770,V1029,West Hub,Corrective,Transmission,29,4745,2021-10-04,2021
771,V1051,North Hub,Corrective,Transmission,17,3796,2021-07-31,2021
772,V1009,East Hub,Preventive,Engine,18,1916,2021-06-26,2021
773,V1030,North Hub,Corrective,Electrical,19,3254,2021-01-05,2021
774,V1027,East Hub,Preventive,Engine,34,3860,2021-04-07,2021
775,V1056,West Hub,Corrective,Brake,23,2137,2021-11-27,2021
776,V1053,West Hub,Preventive,Transmission,22,1448,2021-08-05,2021
777,V1015,East Hub,Corrective,Suspension,30,3002,2021-07-31,2021
778,V1054,North Hub,Preventive,Brake,16,3172,2021-02-26,2021
779,V1029,West Hub,Corrective,Suspension,30,4830,2021-04-07,2021
780,V1001,South Hub,Preventive,Suspension,20,981,2021-04-06,2021
781,V1018,East Hub,Preventive,Electrical,13,867,2021-04-30,2021
782,V1009,North Hub,Corrective,Brake,12,3600,2021-08-04,2021
783,V1050,West Hub,Corrective,Electrical,19,1059,2021-06-19,2021
784,V1053,South Hub,Preventive,Transmission,12,4014,2021-02-06,2021
785,V1030,South Hub,Preventive,Transmission,27,3925,2021-01-07,2021
786,V1049,South Hub,Corrective,Electrical,13,2824,2021-01-18,2021
787,V1029,North Hub,Preventive,Electrical,16,3987,2021-12-15,2021
788,V1059,East Hub,Preventive,Engine,19,1800,2021-05-10,2021
789,V1040,East Hub,Preventive,Transmission,25,1226,2021-12-08,2021
790,V1007,South Hub,Corrective,Transmission,16,923,2021-03-27,2021
791,V1037,North Hub,Corrective,Brake,18,873,2021-01-22,2021
792,V1050,West Hub,Preventive,Transmission,28,1533,2021-05-08,2021
793,V1031,North Hub,Corrective,Engine,15,1289,2021-07-02,2021
794,V1009,North Hub,Preventive,Electrical,30,2706,2021-06-12,2021
795,V1050,East Hub,Corrective,Brake,27,974,2021-12-19,2021
796,V1022,South Hub,Corrective,Engine,22,4775,2021-12-28,2021
797,V1035,East Hub,Corrective,Brake,24,2328,2021-10-06,2021
798,V1020,West Hub,Corrective,Suspension,21,2113,2021-02-05,2021
799,V1009,West Hub,Corrective,Transmission,26,3807,2021-08-21,2021
800,V1049,West Hub,Preventive,Engine,10,3782,2021-11-14,2021
801,V1020,North Hub,Corrective,Brake,17,4875,2021-10-10,2021
802,V1039,East Hub,Corrective,Electrical,14,3438,2021-02-26,2021
803,V1033,North Hub,Preventive,Brake,13,2263,2021-01-17,2021
804,V1006,West Hub,Preventive,Engine,16,1060,2021-10-20,2021
805,V1053,West Hub,Corrective,Suspension,30,2896,2021-01-26,2021
806,V1014,North Hub,Preventive,Brake,21,4825,2021-02-10,2021
807,V1051,North Hub,Corrective,Suspension,24,4207,2021-07-08,2021
808,V1003,East Hub,Preventive,Engine,32,3289,2021-02-09,2021
809,V1033,North Hub,Preventive,Brake,16,3956,2021-04-08,2021
810,V1033,South Hub,Preventive,Suspension,16,4201,2021-02-24,2021
811,V1040,East Hub,Corrective,Electrical,34,1652,2021-03-27,2021
812,V1035,West Hub,Corrective,Brake,15,4429,2021-06-30,2021
813,V1035,East Hub,Corrective,Electrical,20,4327,2021-06-15,2021
814,V1015,South Hub,Corrective,Suspension,29,2881,2021-07-04,2021
815,V1028,West Hub,Preventive,Engine,24,3130,2021-11-02,2021
816,V1033,South Hub,Corrective,Engine,10,3260,2021-04-24,2021
817,V1054,East Hub,Preventive,Transmission,16,4988,2021-10-12,2021
818,V1059,South Hub,Preventive,Engine,28,4571,2021-07-02,2021
819,V1008,East Hub,Corrective,Suspension,14,2846,2021-04-30,2021
820,V1051,East Hub,Preventive,Suspension,18,4075,2021-10-19,2021
821,V1046,North Hub,Corrective,Electrical,16,2216,2021-09-07,2021
822,V1044,North Hub,Corrective,Engine,32,3925,2021-02-10,2021
823,V1003,East Hub,Corrective,Electrical,34,4212,2021-03-03,2021
824,V1014,North Hub,Corrective,Engine,34,3296,2021-09-26,2021
825,V1020,South Hub,Corrective,Suspension,11,2608,2021-03-20,2021
826,V1043,West Hub,Corrective,Suspension,11,4934,2021-02-16,2021
827,V1027,East Hub,Corrective,Brake,17,1882,2021-06-22,2021
828,V1030,North Hub,Corrective,Transmission,12,1496,2021-07-24,2021
829,V1027,South Hub,Preventive,Electrical,26,2422,2021-09-07,2021
830,V1041,South Hub,Preventive,Brake,22,1386,2021-05-17,2021
831,V1027,East Hub,Preventive,Engine,34,4188,2021-08-05,2021
832,V1022,South Hub,Corrective,Transmission,21,998,2021-06-06,2021
833,V1022,West Hub,Preventive,Electrical,15,1167,2021-04-30,2021
834,V1043,East Hub,Preventive,Engine,16,1720,2021-01-28,2021
835,V1039,South Hub,Corrective,Engine,17,3612,2021-12-22,2021
836,V1019,West Hub,Corrective,Engine,13,3518,2021-04-18,2021
837,V1034,South Hub,Preventive,Suspension,33,2918,2021-10-08,2021
838,V1039,South Hub,Preventive,Electrical,25,1156,2021-05-11,2021
839,V1003,East Hub,Preventive,Suspension,15,3022,2021-01-28,2021
840,V1041,North Hub,Preventive,Electrical,24,3022,2021-12-06,2021
841,V1023,North Hub,Preventive,Transmission,31,3966,2021-04-29,2021
842,V1032,North Hub,Corrective,Electrical,22,1521,2021-04-06,2021
843,V1032,West Hub,Preventive,Engine,16,2826,2021-09-29,2021
844,V1021,West Hub,Corrective,Brake,19,950,2021-06-27,2021
845,V1022,East Hub,Corrective,Brake,31,4906,2021-05-22,2021
846,V1040,East Hub,Corrective,Engine,11,3095,2021-04-26,2021
847,V1021,West Hub,Preventive,Engine,14,3931,2021-09-24,2021
848,V1039,South Hub,Corrective,Brake,31,2051,2021-08-07,2021
849,V1058,East Hub,Corrective,Suspension,19,1879,2021-04-16,2021
850,V1008,South Hub,Preventive,Transmission,30,1907,2021-08-09,2021
851,V1009,South Hub,Corrective,Engine,34,1769,2021-04-05,2021
852,V1053,South Hub,Preventive,Transmission,20,4191,2021-07-30,2021
853,V1028,East Hub,Preventive,Brake,19,1674,2021-03-09,2021
854,V1001,East Hub,Preventive,Suspension,15,2702,2021-04-29,2021
855,V1001,East Hub,Preventive,Electrical,31,1898,2021-09-15,2021
856,V1030,East Hub,Preventive,Electrical,29,4825,2021-08-31,2021
857,V1010,South Hub,Preventive,Engine,14,4147,2021-01-08,2021
858,V1026,South Hub,Preventive,Brake,18,1341,2021-04-01,2021
859,V1055,West Hub,Corrective,Electrical,24,2821,2021-08-07,2021
860,V1049,North Hub,Corrective,Transmission,22,4028,2021-11-10,2021
861,V1036,North Hub,Preventive,Electrical,33,4542,2021-01-22,2021
862,V1033,West Hub,Preventive,Suspension,17,3973,2021-09-22,2021
863,V1040,North Hub,Preventive,Transmission,34,4400,2021-07-23,2021
864,V1049,East Hub,Corrective,Brake,19,4260,2021-05-31,2021
865,V1058,North Hub,Preventive,Electrical,29,4500,2021-02-16,2021
866,V1032,North Hub,Preventive,Suspension,33,1908,2021-07-21,2021
867,V1020,West Hub,Preventive,Brake,23,4516,2021-10-30,2021
868,V1057,South Hub,Corrective,Engine,32,2848,2021-06-15,2021
869,V1041,South Hub,Preventive,Engine,32,1735,2021-12-28,2021
870,V1040,East Hub,Preventive,Suspension,24,3946,2021-09-19,2021
871,V1010,West Hub,Corrective,Engine,29,2199,2021-06-21,2021
872,V1055,South Hub,Preventive,Brake,28,2265,2021-12-31,2021
873,V1026,East Hub,Corrective,Electrical,11,3165,2021-11-17,2021
874,V1007,South Hub,Preventive,Engine,15,2873,2021-01-07,2021
875,V1031,West Hub,Preventive,Suspension,24,4842,2021-05-02,2021
876,V1037,West Hub,Corrective,Electrical,16,4419,2021-02-10,2021
877,V1038,North Hub,Preventive,Suspension,29,3078,2021-11-14,2021
878,V1035,South Hub,Preventive,Brake,30,2014,2021-01-29,2021
879,V1022,North Hub,Preventive,Engine,30,3244,2021-06-19,2021
880,V1003,North Hub,Corrective,Brake,12,2121,2021-12-11,2021
881,V1039,South Hub,Corrective,Suspension,19,3750,2021-01-19,2021
882,V1049,East Hub,Corrective,Transmission,12,3904,2021-02-04,2021
883,V1027,North Hub,Corrective,Electrical,34,1902,2021-03-04,2021
884,V1055,East Hub,Corrective,Suspension,32,4189,2021-09-26,2021
885,V1044,South Hub,Preventive,Engine,16,1518,2021-09-05,2021
886,V1044,East Hub,Corrective,Suspension,33,3392,2021-05-13,2021
887,V1036,East Hub,Preventive,Suspension,26,4866,2021-09-24,2021
888,V1040,West Hub,Corrective,Brake,33,2706,2021-12-29,2021
889,V1012,North Hub,Preventive,Engine,19,4608,2021-11-17,2021
890,V1047,South Hub,Corrective,Electrical,13,1172,2021-06-20,2021
891,V1035,South Hub,Preventive,Brake,21,3107,2021-05-11,2021
892,V1019,East Hub,Corrective,Engine,12,1732,2021-12-18,2021
893,V1021,West Hub,Preventive,Brake,20,2389,2021-06-19,2021
894,V1059,West Hub,Corrective,Engine,20,1912,2021-09-04,2021
895,V1040,West Hub,Corrective,Electrical,14,4191,2021-01-29,2021
896,V1019,East Hub,Preventive,Brake,26,3517,2021-07-01,2021
897,V1009,East Hub,Preventive,Transmission,12,3873,2021-11-17,2021
898,V1053,South Hub,Corrective,Brake,27,1757,2021-06-07,2021
899,V1054,East Hub,Preventive,Transmission,32,4190,2021-02-14,2021
900,V1056,South Hub,Corrective,Electrical,25,3279,2021-04-21,2021
901,V1019,South Hub,Preventive,Transmission,26,1106,2021-04-14,2021
902,V1028,North Hub,Corrective,Suspension,12,2062,2021-04-08,2021
903,V1059,West Hub,Corrective,Transmission,20,1973,2021-02-20,2021
904,V1043,South Hub,Preventive,Engine,26,4563,2021-07-18,2021
905,V1055,North Hub,Preventive,Transmission,32,1160,2021-12-18,2021
906,V1055,North Hub,Corrective,Electrical,29,1177,2021-02-22,2021
907,V1049,East Hub,Preventive,Suspension,26,3357,2021-11-24,2021
908,V1020,South Hub,Preventive,Transmission,16,3066,2021-09-30,2021
909,V1049,West Hub,Preventive,Transmission,20,2023,2021-03-22,2021
910,V1007,North Hub,Preventive,Brake,18,3669,2021-10-09,2021
911,V1017,South Hub,Corrective,Suspension,20,2805,2021-03-29,2021
912,V1019,East Hub,Corrective,Engine,12,1865,2021-01-15,2021
913,V1057,North Hub,Preventive,Electrical,25,1240,2021-02-14,2021
914,V1025,South Hub,Corrective,Suspension,23,3713,2021-06-09,2021
915,V1052,South Hub,Preventive,Electrical,20,1879,2021-02-17,2021
916,V1029,North Hub,Corrective,Transmission,32,4612,2021-08-29,2021
917,V1014,South Hub,Corrective,Transmission,17,4011,2021-04-04,2021
918,V1058,East Hub,Corrective,Electrical,32,4793,2021-01-16,2021
919,V1030,North Hub,Corrective,Electrical,12,4578,2021-03-29,2021
920,V1049,East Hub,Preventive,Suspension,19,1643,2021-07-27,2021
921,V1050,North Hub,Corrective,Suspension,32,1381,2021-06-04,2021
922,V1029,West Hub,Corrective,Brake,27,2796,2021-10-08,2021
923,V1030,West Hub,Preventive,Transmission,15,2505,2021-12-22,2021
924,V1027,West Hub,Corrective,Suspension,28,2734,2021-03-30,2021
925,V1042,North Hub,Corrective,Engine,31,4592,2021-06-16,2021
926,V1006,West Hub,Preventive,Transmission,27,4124,2021-02-05,2021
927,V1006,West Hub,Corrective,Electrical,29,1303,2021-02-16,2021
928,V1052,South Hub,Preventive,Brake,16,2022,2021-08-20,2021
929,V1018,West Hub,Corrective,Brake,27,2484,2021-12-15,2021
930,V1019,East Hub,Corrective,Transmission,20,1531,2021-10-26,2021
931,V1039,West Hub,Preventive,Transmission,10,1311,2021-07-09,2021
932,V1003,North Hub,Corrective,Engine,27,3111,2021-01-16,2021
933,V1027,West Hub,Corrective,Electrical,17,4126,2021-07-15,2021
934,V1034,South Hub,Preventive,Electrical,23,1939,2021-04-07,2021
935,V1024,East Hub,Corrective,Brake,27,3163,2021-12-10,2021
936,V1008,North Hub,Preventive,Engine,14,1979,2021-09-07,2021
937,V1027,South Hub,Preventive,Brake,31,4206,2021-08-22,2021
938,V1038,West Hub,Preventive,Electrical,32,4973,2021-08-06,2021
939,V1052,West Hub,Corrective,Transmission,27,2649,2021-04-06,2021
940,V1038,North Hub,Corrective,Brake,23,4910,2021-05-18,2021
941,V1059,East Hub,Preventive,Engine,23,4758,2021-12-27,2021
942,V1007,West Hub,Preventive,Brake,21,3089,2021-08-27,2021
943,V1005,North Hub,Preventive,Electrical,26,1439,2021-12-17,2021
944,V1034,East Hub,Preventive,Transmission,30,888,2021-08-29,2021
945,V1032,West Hub,Corrective,Electrical,24,3691,2021-05-31,2021
946,V1010,North Hub,Corrective,Suspension,19,2933,2021-02-01,2021
947,V1030,South Hub,Preventive,Transmission,30,1023,2021-05-27,2021
948,V1005,South Hub,Preventive,Transmission,25,2864,2021-03-09,2021
949,V1017,East Hub,Corrective,Engine,29,1713,2021-11-06,2021
950,V1058,South Hub,Corrective,Transmission,15,2236,2021-05-14,2021
951,V1015,West Hub,Preventive,Suspension,32,1071,2021-06-25,2021
952,V1009,South Hub,Corrective,Electrical,12,3938,2021-05-02,2021
953,V1028,South Hub,Preventive,Suspension,31,3626,2021-01-28,2021
954,V1016,North Hub,Preventive,Brake,30,4601,2021-07-24,2021
955,V1019,West Hub,Preventive,Electrical,25,3995,2021-08-31,2021
956,V1009,West Hub,Preventive,Transmission,18,4476,2021-07-15,2021
957,V1020,North Hub,Preventive,Suspension,31,3698,2021-08-10,2021
958,V1058,East Hub,Corrective,Transmission,29,2987,2021-02-20,2021
959,V1041,West Hub,Corrective,Brake,18,2396,2021-09-24,2021
960,V1043,South Hub,Corrective,Suspension,20,886,2021-12-11,2021
961,V1053,North Hub,Preventive,Electrical,10,1600,2021-09-26,2021
962,V1043,West Hub,Corrective,Brake,13,3120,2021-05-09,2021
963,V1002,North Hub,Preventive,Engine,16,2576,2021-11-03,2021
964,V1007,North Hub,Preventive,Suspension,30,1864,2021-07-12,2021
965,V1048,South Hub,Preventive,Brake,31,2875,2021-05-31,2021
966,V1042,North Hub,Corrective,Transmission,24,4297,2021-12-21,2021
967,V1049,East Hub,Corrective,Brake,31,1406,2021-05-22,2021
968,V1003,West Hub,Corrective,Transmission,34,1292,2021-05-13,2021
969,V1011,West Hub,Preventive,Electrical,18,2443,2021-11-09,2021
970,V1011,West Hub,Preventive,Brake,22,4332,2021-04-22,2021
971,V1041,North Hub,Corrective,Transmission,29,1646,2021-01-18,2021
972,V1004,East Hub,Corrective,Engine,12,4877,2021-03-18,2021
973,V1040,North Hub,Preventive,Electrical,30,2982,2021-03-19,2021
974,V1021,West Hub,Preventive,Suspension,32,4819,2021-09-02,2021
975,V1025,North Hub,Preventive,Engine,23,3949,2021-12-19,2021
976,V1030,North Hub,Corrective,Transmission,34,3280,2021-07-25,2021
977,V1040,North Hub,Corrective,Suspension,11,3585,2021-02-11,2021
978,V1048,East Hub,Preventive,Brake,24,1122,2021-07-16,2021
979,V1012,East Hub,Corrective,Engine,31,3743,2021-09-07,2021
980,V1056,West Hub,Preventive,Brake,12,1092,2021-04-09,2021
981,V1046,South Hub,Corrective,Electrical,10,1316,2021-10-04,2021
982,V1019,West Hub,Corrective,Engine,30,1103,2021-06-23,2021
983,V1021,North Hub,Corrective,Engine,11,2534,2021-12-01,2021
984,V1033,West Hub,Preventive,Suspension,31,2708,2021-02-06,2021
985,V1047,South Hub,Corrective,Engine,11,4660,2021-11-13,2021
986,V1015,South Hub,Preventive,Brake,11,1209,2021-06-07,2021
987,V1029,South Hub,Preventive,Engine,13,1735,2021-09-12,2021
988,V1051,South Hub,Preventive,Brake,29,4291,2021-06-22,2021
989,V1043,West Hub,Corrective,Engine,33,1925,2021-06-14,2021
990,V1048,North Hub,Preventive,Transmission,16,1317,2021-03-03,2021
991,V1009,West Hub,Preventive,Transmission,18,2151,2021-08-13,2021
992,V1059,North Hub,Preventive,Engine,17,3881,2021-03-22,2021
993,V1056,West Hub,Preventive,Engine,10,859,2021-04-02,2021
994,V1045,East Hub,Corrective,Electrical,12,1839,2021-04-16,2021
995,V1040,East Hub,Corrective,Electrical,14,2759,2021-03-31,2021
996,V1044,North Hub,Preventive,Electrical,29,1521,2021-11-18,2021
997,V1022,West Hub,Preventive,Suspension,19,2730,2021-04-09,2021
998,V1033,North Hub,Corrective,Suspension,13,4957,2021-04-23,2021
999,V1049,South Hub,Corrective,Engine,24,2386,2021-02-27,2021
1000,V1043,West Hub,Corrective,Brake,14,2108,2021-12-10,2021
1001,V1003,East Hub,Corrective,Brake,9,4360,2022-05-09,2022
1002,V1039,West Hub,Preventive,Engine,18,1229,2022-10-03,2022
1003,V1010,North Hub,Corrective,Suspension,13,1750,2022-02-06,2022
1004,V1046,West Hub,Corrective,Electrical,15,2428,2022-12-13,2022
1005,V1014,North Hub,Corrective,Brake,18,1603,2022-05-02,2022
1006,V1055,South Hub,Corrective,Brake,21,1402,2022-08-30,2022
1007,V1031,North Hub,Corrective,Brake,26,2570,2022-11-09,2022
1008,V1011,West Hub,Corrective,Brake,22,4549,2022-04-10,2022
1009,V1022,East Hub,Preventive,Transmission,28,1842,2022-01-17,2022
1010,V1036,North Hub,Corrective,Brake,30,1710,2022-08-27,2022
1011,V1026,South Hub,Corrective,Brake,22,3217,2022-11-06,2022
1012,V1050,South Hub,Preventive,Engine,13,4172,2022-09-25,2022
1013,V1055,South Hub,Corrective,Electrical,23,3086,2022-01-08,2022
1014,V1047,South Hub,Preventive,Transmission,21,4357,2022-10-24,2022
1015,V1057,South Hub,Preventive,Electrical,15,1162,2022-01-21,2022
1016,V1046,North Hub,Corrective,Suspension,23,4030,2022-09-03,2022
1017,V1052,North Hub,Corrective,Electrical,30,2770,2022-02-12,2022
1018,V1048,North Hub,Corrective,Brake,25,1887,2022-07-03,2022
1019,V1015,North Hub,Preventive,Electrical,17,3297,2022-03-24,2022
1020,V1029,North Hub,Corrective,Electrical,30,1935,2022-12-27,2022
1021,V1011,East Hub,Corrective,Engine,20,1379,2022-07-17,2022
1022,V1021,North Hub,Corrective,Electrical,30,3010,2022-12-24,2022
1023,V1034,South Hub,Preventive,Suspension,27,3550,2022-01-29,2022
1024,V1058,East Hub,Preventive,Engine,24,3937,2022-07-07,2022
1025,V1039,North Hub,Corrective,Transmission,22,2235,2022-11-28,2022
1026,V1045,North Hub,Preventive,Brake,25,3543,2022-05-03,2022
1027,V1007,West Hub,Preventive,Brake,25,3425,2022-06-30,2022
1028,V1032,West Hub,Corrective,Engine,16,1319,2022-07-10,2022
1029,V1028,West Hub,Preventive,Electrical,19,3194,2022-08-20,2022
1030,V1023,North Hub,Preventive,Electrical,27,1515,2022-02-11,2022
1031,V1057,South Hub,Corrective,Engine,20,1695,2022-03-26,2022
1032,V1007,South Hub,Corrective,Brake,16,2473,2022-09-24,2022
1033,V1001,East Hub,Corrective,Suspension,28,1881,2022-08-31,2022
1034,V1026,West Hub,Preventive,Transmission,19,2348,2022-02-02,2022
1035,V1055,South Hub,Corrective,Electrical,8,3608,2022-12-02,2022
1036,V1050,East Hub,Corrective,Suspension,28,4447,2022-08-23,2022
1037,V1036,South Hub,Corrective,Brake,17,2929,2022-04-27,2022
1038,V1023,East Hub,Preventive,Brake,23,3692,2022-05-26,2022
1039,V1010,South Hub,Corrective,Brake,22,2236,2022-12-29,2022
1040,V1057,South Hub,Preventive,Brake,30,1757,2022-01-22,2022
1041,V1036,South Hub,Corrective,Transmission,18,3828,2022-04-05,2022
1042,V1035,North Hub,Corrective,Transmission,14,2011,2022-07-10,2022
1043,V1034,South Hub,Corrective,Engine,22,1004,2022-07-27,2022
1044,V1049,South Hub,Corrective,Transmission,23,2078,2022-01-03,2022
1045,V1032,East Hub,Corrective,Electrical,25,3174,2022-10-21,2022
1046,V1009,West Hub,Corrective,Engine,29,4723,2022-01-21,2022
1047,V1043,North Hub,Corrective,Engine,12,4090,2022-11-13,2022
1048,V1028,East Hub,Preventive,Transmission,15,1250,2022-11-08,2022
1049,V1012,South Hub,Corrective,Brake,28,984,2022-02-12,2022
1050,V1054,West Hub,Preventive,Suspension,25,4031,2022-04-10,2022
1051,V1020,North Hub,Corrective,Electrical,23,2011,2022-08-07,2022
1052,V1024,East Hub,Preventive,Transmission,19,3625,2022-06-29,2022
1053,V1028,North Hub,Preventive,Electrical,17,4204,2022-08-15,2022
1054,V1010,West Hub,Corrective,Brake,17,1505,2022-03-15,2022
1055,V1019,West Hub,Corrective,Engine,14,3878,2022-02-15,2022
1056,V1026,East Hub,Corrective,Brake,8,4585,2022-12-30,2022
1057,V1048,South Hub,Preventive,Brake,26,3927,2022-05-29,2022
1058,V1031,North Hub,Corrective,Suspension,25,3289,2022-09-10,2022
1059,V1047,West Hub,Preventive,Engine,25,820,2022-03-20,2022
1060,V1019,West Hub,Preventive,Transmission,16,4217,2022-04-02,2022
1061,V1058,South Hub,Preventive,Engine,23,3070,2022-09-10,2022
1062,V1038,East Hub,Corrective,Suspension,10,4372,2022-05-13,2022
1063,V1043,West Hub,Preventive,Transmission,28,4998,2022-10-22,2022
1064,V1054,East Hub,Preventive,Suspension,8,1279,2022-03-16,2022
1065,V1029,South Hub,Corrective,Brake,18,1233,2022-05-20,2022
1066,V1026,East Hub,Preventive,Transmission,19,3189,2022-09-29,2022
1067,V1059,North Hub,Preventive,Brake,28,1574,2022-11-03,2022
1068,V1034,East Hub,Corrective,Transmission,13,3023,2022-12-17,2022
1069,V1044,East Hub,Preventive,Suspension,30,3680,2022-03-15,2022
1070,V1008,East Hub,Corrective,Electrical,8,4175,2022-06-24,2022
1071,V1006,South Hub,Preventive,Suspension,13,2611,2022-04-07,2022
1072,V1039,North Hub,Corrective,Electrical,25,1425,2022-03-01,2022
1073,V1059,North Hub,Corrective,Transmission,12,3352,2022-12-20,2022
1074,V1008,West Hub,Corrective,Brake,19,3295,2022-01-15,2022
1075,V1014,South Hub,Preventive,Brake,11,3318,2022-03-06,2022
1076,V1008,North Hub,Corrective,Engine,14,1436,2022-01-10,2022
1077,V1048,West Hub,Preventive,Brake,23,1683,2022-01-17,2022
1078,V1032,North Hub,Corrective,Engine,29,2872,2022-01-23,2022
1079,V1019,North Hub,Preventive,Engine,10,2482,2022-10-28,2022
1080,V1011,East Hub,Preventive,Engine,14,1992,2022-05-23,2022
1081,V1022,East Hub,Preventive,Suspension,26,2781,2022-09-16,2022
1082,V1004,North Hub,Preventive,Suspension,26,2577,2022-04-09,2022
1083,V1010,North Hub,Preventive,Brake,17,4930,2022-12-29,2022
1084,V1023,South Hub,Corrective,Engine,23,2281,2022-07-01,2022
1085,V1027,South Hub,Preventive,Electrical,20,1724,2022-06-10,2022
1086,V1029,North Hub,Preventive,Electrical,11,3759,2022-12-27,2022
1087,V1035,North Hub,Preventive,Transmission,17,4844,2022-03-01,2022
1088,V1018,West Hub,Corrective,Electrical,20,2650,2022-10-11,2022
1089,V1018,West Hub,Preventive,Engine,21,4696,2022-12-14,2022
1090,V1011,North Hub,Corrective,Engine,19,4047,2022-08-13,2022
1091,V1042,North Hub,Preventive,Brake,24,4034,2022-07-25,2022
1092,V1037,North Hub,Preventive,Engine,30,3779,2022-04-12,2022
1093,V1012,West Hub,Preventive,Brake,18,4279,2022-09-13,2022
1094,V1048,East Hub,Corrective,Transmission,16,4697,2022-12-08,2022
1095,V1025,West Hub,Corrective,Brake,27,4524,2022-02-25,2022
1096,V1016,West Hub,Corrective,Brake,11,1902,2022-01-16,2022
1097,V1047,North Hub,Preventive,Electrical,11,1019,2022-04-02,2022
1098,V1038,East Hub,Preventive,Transmission,20,1589,2022-02-09,2022
1099,V1048,West Hub,Corrective,Brake,29,3204,2022-12-05,2022
1100,V1031,East Hub,Corrective,Suspension,23,944,2022-01-17,2022
1101,V1056,North Hub,Corrective,Electrical,21,3376,2022-07-12,2022
1102,V1029,North Hub,Preventive,Brake,22,3282,2022-12-28,2022
1103,V1031,West Hub,Preventive,Transmission,13,3987,2022-09-07,2022
1104,V1036,West Hub,Corrective,Electrical,11,2080,2022-09-17,2022
1105,V1025,East Hub,Corrective,Suspension,9,3894,2022-11-12,2022
1106,V1022,East Hub,Corrective,Engine,29,1030,2022-10-30,2022
1107,V1008,East Hub,Corrective,Suspension,9,1020,2022-11-17,2022
1108,V1024,North Hub,Corrective,Transmission,18,3727,2022-07-30,2022
1109,V1003,South Hub,Preventive,Brake,19,3356,2022-10-31,2022
1110,V1058,North Hub,Corrective,Engine,10,3565,2022-03-28,2022
1111,V1034,East Hub,Preventive,Electrical,8,4260,2022-10-18,2022
1112,V1057,West Hub,Corrective,Engine,24,4647,2022-10-29,2022
1113,V1020,West Hub,Corrective,Transmission,8,1600,2022-09-08,2022
1114,V1044,South Hub,Corrective,Electrical,11,4918,2022-12-08,2022
1115,V1010,East Hub,Corrective,Electrical,18,2452,2022-09-12,2022
1116,V1054,North Hub,Preventive,Transmission,28,2972,2022-01-25,2022
1117,V1036,West Hub,Preventive,Suspension,17,1553,2022-10-24,2022
1118,V1037,East Hub,Corrective,Engine,11,4693,2022-08-07,2022
1119,V1022,North Hub,Corrective,Suspension,14,3256,2022-08-10,2022
1120,V1034,East Hub,Preventive,Electrical,29,4095,2022-05-09,2022
1121,V1032,West Hub,Preventive,Engine,27,2328,2022-10-23,2022
1122,V1013,West Hub,Corrective,Suspension,23,4353,2022-10-17,2022
1123,V1003,South Hub,Corrective,Electrical,28,2010,2022-05-04,2022
1124,V1047,East Hub,Corrective,Electrical,12,3410,2022-02-02,2022
1125,V1013,West Hub,Corrective,Transmission,28,2115,2022-05-12,2022
1126,V1038,South Hub,Corrective,Brake,29,1730,2022-03-18,2022
1127,V1001,South Hub,Corrective,Electrical,14,4776,2022-10-14,2022
1128,V1027,North Hub,Preventive,Brake,21,3034,2022-03-11,2022
1129,V1016,East Hub,Preventive,Engine,8,4780,2022-01-11,2022
1130,V1055,North Hub,Corrective,Suspension,9,3241,2022-02-02,2022
1131,V1057,East Hub,Preventive,Electrical,21,1951,2022-05-01,2022
1132,V1036,North Hub,Corrective,Electrical,11,1539,2022-05-02,2022
1133,V1007,East Hub,Corrective,Suspension,27,3994,2022-05-01,2022
1134,V1013,South Hub,Preventive,Brake,21,2553,2022-05-21,2022
1135,V1026,East Hub,Preventive,Electrical,22,3869,2022-12-25,2022
1136,V1020,West Hub,Corrective,Brake,11,3075,2022-03-16,2022
1137,V1030,East Hub,Corrective,Engine,19,1085,2022-12-06,2022
1138,V1044,South Hub,Corrective,Suspension,9,3951,2022-06-08,2022
1139,V1044,East Hub,Preventive,Suspension,28,2736,2022-08-15,2022
1140,V1000,West Hub,Corrective,Transmission,20,1539,2022-05-01,2022
1141,V1013,South Hub,Corrective,Transmission,17,4128,2022-01-18,2022
1142,V1055,North Hub,Corrective,Electrical,16,4182,2022-06-20,2022
1143,V1027,North Hub,Preventive,Transmission,30,4947,2022-02-03,2022
1144,V1026,East Hub,Corrective,Engine,19,1226,2022-11-25,2022
1145,V1011,West Hub,Preventive,Engine,28,4082,2022-04-13,2022
1146,V1019,East Hub,Preventive,Engine,28,2092,2022-05-08,2022
1147,V1045,South Hub,Corrective,Transmission,24,4498,2022-09-02,2022
1148,V1016,South Hub,Corrective,Transmission,12,2427,2022-02-13,2022
1149,V1023,South Hub,Corrective,Electrical,21,2638,2022-01-11,2022
1150,V1059,South Hub,Preventive,Electrical,8,2424,2022-05-15,2022
1151,V1054,South Hub,Preventive,Electrical,30,4313,2022-11-04,2022
1152,V1009,North Hub,Corrective,Brake,16,1761,2022-01-08,2022
1153,V1033,West Hub,Corrective,Electrical,30,1770,2022-04-25,2022
1154,V1013,South Hub,Corrective,Transmission,30,4848,2022-07-15,2022
1155,V1027,South Hub,Preventive,Transmission,12,2351,2022-08-03,2022
1156,V1026,South Hub,Preventive,Transmission,13,2944,2022-05-01,2022
1157,V1028,South Hub,Corrective,Suspension,27,4553,2022-02-13,2022
1158,V1030,South Hub,Corrective,Electrical,8,2538,2022-07-16,2022
1159,V1027,East Hub,Preventive,Engine,30,1281,2022-01-27,2022
1160,V1059,South Hub,Corrective,Transmission,18,1172,2022-01-03,2022
1161,V1032,West Hub,Corrective,Electrical,16,3838,2022-03-09,2022
1162,V1002,South Hub,Corrective,Brake,25,4926,2022-09-10,2022
1163,V1056,West Hub,Preventive,Engine,18,3399,2022-12-30,2022
1164,V1027,South Hub,Corrective,Engine,24,3366,2022-01-23,2022
1165,V1031,East Hub,Corrective,Electrical,12,3117,2022-05-15,2022
1166,V1053,East Hub,Corrective,Electrical,27,2151,2022-06-11,2022
1167,V1048,South Hub,Corrective,Engine,23,2347,2022-03-18,2022
1168,V1014,South Hub,Preventive,Electrical,9,2931,2022-03-25,2022
1169,V1029,West Hub,Preventive,Electrical,30,1134,2022-08-15,2022
1170,V1045,West Hub,Corrective,Electrical,19,1721,2022-03-17,2022
1171,V1022,North Hub,Preventive,Transmission,11,2279,2022-03-28,2022
1172,V1052,East Hub,Preventive,Suspension,24,833,2022-09-27,2022
1173,V1011,West Hub,Preventive,Brake,26,4880,2022-12-13,2022
1174,V1056,East Hub,Preventive,Transmission,11,1799,2022-07-21,2022
1175,V1037,North Hub,Corrective,Brake,19,1036,2022-02-11,2022
1176,V1053,West Hub,Corrective,Transmission,22,847,2022-06-18,2022
1177,V1041,West Hub,Corrective,Suspension,9,1859,2022-04-19,2022
1178,V1051,East Hub,Corrective,Engine,9,1379,2022-10-08,2022
1179,V1024,North Hub,Corrective,Transmission,27,2258,2022-05-03,2022
1180,V1005,North Hub,Preventive,Brake,20,3982,2022-07-26,2022
1181,V1041,South Hub,Preventive,Transmission,17,4821,2022-08-10,2022
1182,V1057,South Hub,Corrective,Engine,17,3810,2022-09-20,2022
1183,V1031,West Hub,Corrective,Electrical,14,2999,2022-10-16,2022
1184,V1027,North Hub,Corrective,Transmission,27,2326,2022-08-11,2022
1185,V1027,North Hub,Preventive,Suspension,28,3599,2022-08-26,2022
1186,V1014,South Hub,Corrective,Suspension,29,1487,2022-05-29,2022
1187,V1027,North Hub,Corrective,Transmission,22,2017,2022-03-07,2022
1188,V1057,East Hub,Preventive,Suspension,29,4303,2022-06-01,2022
1189,V1003,North Hub,Preventive,Suspension,26,1681,2022-09-19,2022
1190,V1026,North Hub,Corrective,Suspension,21,2875,2022-07-01,2022
1191,V1037,North Hub,Preventive,Engine,16,4591,2022-04-02,2022
1192,V1053,West Hub,Preventive,Engine,13,4209,2022-12-27,2022
1193,V1020,West Hub,Corrective,Suspension,17,2971,2022-06-24,2022
1194,V1013,South Hub,Preventive,Suspension,13,2924,2022-12-11,2022
1195,V1027,North Hub,Preventive,Electrical,11,1755,2022-01-07,2022
1196,V1041,West Hub,Corrective,Electrical,13,4787,2022-06-05,2022
1197,V1052,East Hub,Corrective,Transmission,27,1517,2022-03-06,2022
1198,V1000,South Hub,Preventive,Engine,12,2341,2022-01-14,2022
1199,V1030,South Hub,Preventive,Electrical,14,2363,2022-02-14,2022
1200,V1049,West Hub,Preventive,Electrical,17,4256,2022-01-12,2022
1201,V1010,South Hub,Corrective,Electrical,11,4662,2022-01-11,2022
1202,V1037,South Hub,Preventive,Transmission,22,4009,2022-01-27,2022
1203,V1000,North Hub,Corrective,Electrical,18,4860,2022-10-24,2022
1204,V1046,East Hub,Preventive,Electrical,27,4074,2022-09-06,2022
1205,V1037,West Hub,Preventive,Engine,24,955,2022-08-05,2022
1206,V1020,North Hub,Corrective,Electrical,26,4677,2022-03-01,2022
1207,V1039,East Hub,Corrective,Electrical,23,970,2022-03-24,2022
1208,V1046,South Hub,Corrective,Transmission,17,4389,2022-04-29,2022
1209,V1014,East Hub,Corrective,Brake,24,3203,2022-12-31,2022
1210,V1026,East Hub,Corrective,Brake,20,2497,2022-05-25,2022
1211,V1047,North Hub,Corrective,Brake,30,2219,2022-04-13,2022
1212,V1038,West Hub,Preventive,Electrical,13,4844,2022-06-05,2022
1213,V1013,North Hub,Preventive,Transmission,15,2936,2022-07-02,2022
1214,V1010,South Hub,Preventive,Engine,29,3566,2022-08-09,2022
1215,V1039,South Hub,Preventive,Suspension,11,2635,2022-09-07,2022
1216,V1021,East Hub,Preventive,Suspension,16,2991,2022-03-19,2022
1217,V1055,North Hub,Preventive,Electrical,30,4544,2022-02-26,2022
1218,V1050,North Hub,Preventive,Suspension,11,1663,2022-03-27,2022
1219,V1007,South Hub,Corrective,Brake,28,3193,2022-12-29,2022
1220,V1048,West Hub,Preventive,Brake,22,3779,2022-06-21,2022
1221,V1007,South Hub,Corrective,Electrical,12,853,2022-05-06,2022
1222,V1021,East Hub,Preventive,Engine,23,2979,2022-07-10,2022
1223,V1048,West Hub,Corrective,Brake,30,2041,2022-09-29,2022
1224,V1050,South Hub,Preventive,Electrical,21,4186,2022-07-29,2022
1225,V1054,East Hub,Preventive,Electrical,22,1992,2022-01-06,2022
1226,V1051,North Hub,Preventive,Transmission,30,3378,2022-07-25,2022
1227,V1027,North Hub,Corrective,Engine,13,2036,2022-10-22,2022
1228,V1040,East Hub,Corrective,Electrical,9,3293,2022-06-10,2022
1229,V1000,East Hub,Preventive,Electrical,19,4455,2022-11-26,2022
1230,V1056,West Hub,Corrective,Electrical,14,2416,2022-06-04,2022
1231,V1002,East Hub,Corrective,Brake,10,3125,2022-04-20,2022
1232,V1032,East Hub,Corrective,Brake,10,991,2022-01-15,2022
1233,V1037,East Hub,Preventive,Transmission,25,4263,2022-09-16,2022
1234,V1046,North Hub,Corrective,Transmission,11,4957,2022-07-01,2022
1235,V1003,North Hub,Corrective,Transmission,11,842,2022-08-21,2022
1236,V1015,South Hub,Corrective,Transmission,18,3130,2022-12-08,2022
1237,V1036,South Hub,Corrective,Suspension,30,2828,2022-02-23,2022
1238,V1033,South Hub,Corrective,Electrical,18,1602,2022-03-17,2022
1239,V1027,West Hub,Preventive,Engine,30,1309,2022-08-06,2022
1240,V1030,South Hub,Corrective,Engine,12,3825,2022-12-13,2022
1241,V1025,West Hub,Corrective,Suspension,24,4886,2022-11-22,2022
1242,V1028,West Hub,Corrective,Brake,21,1982,2022-09-16,2022
1243,V1031,West Hub,Preventive,Suspension,12,1767,2022-12-22,2022
1244,V1029,West Hub,Preventive,Brake,14,3825,2022-03-02,2022
1245,V1054,West Hub,Preventive,Engine,27,3827,2022-10-20,2022
1246,V1002,South Hub,Preventive,Transmission,17,3297,2022-07-11,2022
1247,V1018,West Hub,Preventive,Brake,17,1964,2022-10-29,2022
1248,V1003,East Hub,Corrective,Brake,21,2299,2022-09-08,2022
1249,V1007,East Hub,Preventive,Engine,8,4220,2022-09-04,2022
1250,V1019,West Hub,Corrective,Electrical,26,4693,2022-11-07,2022
1251,V1048,South Hub,Corrective,Electrical,12,4478,2022-03-18,2022
1252,V1005,West Hub,Corrective,Brake,18,4039,2022-06-23,2022
1253,V1002,West Hub,Corrective,Engine,25,2156,2022-12-29,2022
1254,V1036,East Hub,Preventive,Suspension,8,1497,2022-04-09,2022
1255,V1034,North Hub,Preventive,Electrical,27,4917,2022-01-10,2022
1256,V1042,South Hub,Preventive,Transmission,11,2485,2022-05-06,2022
1257,V1053,West Hub,Preventive,Suspension,30,3424,2022-07-25,2022
1258,V1002,West Hub,Preventive,Transmission,26,4380,2022-04-03,2022
1259,V1001,East Hub,Corrective,Transmission,21,1545,2022-02-28,2022
1260,V1034,South Hub,Corrective,Brake,11,2296,2022-05-11,2022
1261,V1009,East Hub,Corrective,Brake,10,1282,2022-11-11,2022
1262,V1011,North Hub,Preventive,Transmission,18,3994,2022-02-20,2022
1263,V1009,West Hub,Corrective,Transmission,18,3876,2022-03-03,2022
1264,V1012,South Hub,Preventive,Electrical,9,4966,2022-09-16,2022
1265,V1007,East Hub,Preventive,Transmission,20,4607,2022-10-11,2022
1266,V1004,West Hub,Preventive,Electrical,21,2714,2022-01-10,2022
1267,V1035,North Hub,Preventive,Suspension,16,1828,2022-06-05,2022
1268,V1026,West Hub,Preventive,Suspension,26,2466,2022-03-14,2022
1269,V1034,South Hub,Preventive,Suspension,19,4271,2022-10-12,2022
1270,V1002,North Hub,Corrective,Suspension,22,3169,2022-12-01,2022
1271,V1000,North Hub,Corrective,Transmission,13,2855,2022-12-15,2022
1272,V1022,South Hub,Corrective,Engine,20,2122,2022-10-01,2022
1273,V1004,East Hub,Preventive,Electrical,26,1807,2022-03-13,2022
1274,V1017,West Hub,Preventive,Suspension,25,4935,2022-06-12,2022
1275,V1021,East Hub,Corrective,Transmission,29,2814,2022-12-06,2022
1276,V1021,South Hub,Corrective,Suspension,18,3490,2022-01-09,2022
1277,V1008,North Hub,Corrective,Engine,30,878,2022-12-11,2022
1278,V1026,West Hub,Corrective,Suspension,13,1464,2022-11-29,2022
1279,V1004,North Hub,Corrective,Engine,28,3691,2022-07-12,2022
1280,V1022,West Hub,Preventive,Engine,27,1822,2022-08-25,2022
1281,V1059,South Hub,Corrective,Engine,19,2614,2022-01-11,2022
1282,V1043,East Hub,Preventive,Engine,16,3283,2022-04-24,2022
1283,V1031,East Hub,Preventive,Transmission,15,4837,2022-12-27,2022
1284,V1038,South Hub,Preventive,Brake,30,4044,2022-02-26,2022
1285,V1036,West Hub,Preventive,Suspension,16,2387,2022-12-04,2022
1286,V1043,South Hub,Preventive,Suspension,26,1850,2022-02-03,2022
1287,V1016,South Hub,Corrective,Brake,12,989,2022-12-21,2022
1288,V1034,East Hub,Corrective,Engine,29,4298,2022-11-25,2022
1289,V1041,North Hub,Corrective,Electrical,29,4133,2022-05-21,2022
1290,V1043,West Hub,Corrective,Transmission,11,1156,2022-04-25,2022
1291,V1017,West Hub,Corrective,Transmission,9,842,2022-07-20,2022
1292,V1021,North Hub,Preventive,Brake,14,4271,2022-02-08,2022
1293,V1012,South Hub,Corrective,Transmission,15,1314,2022-11-17,2022
1294,V1006,North Hub,Corrective,Electrical,28,996,2022-10-31,2022
1295,V1059,East Hub,Corrective,Brake,28,1683,2022-08-31,2022
1296,V1021,North Hub,Corrective,Suspension,15,2739,2022-02-07,2022
1297,V1039,West Hub,Preventive,Electrical,27,1822,2022-02-13,2022
1298,V1058,North Hub,Corrective,Transmission,9,1332,2022-03-07,2022
1299,V1058,West Hub,Preventive,Transmission,9,4337,2022-02-03,2022
1300,V1043,North Hub,Preventive,Transmission,11,3924,2022-07-25,2022
1301,V1039,West Hub,Preventive,Suspension,11,886,2022-08-21,2022
1302,V1029,West Hub,Preventive,Transmission,20,1012,2022-08-21,2022
1303,V1021,South Hub,Preventive,Engine,24,900,2022-11-01,2022
1304,V1004,South Hub,Preventive,Suspension,30,2899,2022-07-01,2022
1305,V1030,West Hub,Preventive,Brake,21,1927,2022-01-23,2022
1306,V1008,East Hub,Corrective,Suspension,9,3730,2022-06-09,2022
1307,V1056,South Hub,Preventive,Electrical,26,3328,2022-11-05,2022
1308,V1018,East Hub,Preventive,Suspension,18,1984,2022-01-30,2022
1309,V1032,North Hub,Corrective,Transmission,15,2400,2022-04-13,2022
1310,V1058,South Hub,Preventive,Transmission,28,2351,2022-12-08,2022
1311,V1044,West Hub,Corrective,Suspension,23,3549,2022-11-12,2022
1312,V1026,East Hub,Preventive,Engine,17,4521,2022-01-22,2022
1313,V1014,North Hub,Preventive,Brake,23,4621,2022-11-16,2022
1314,V1015,West Hub,Corrective,Electrical,14,2481,2022-07-24,2022
1315,V1052,North Hub,Corrective,Engine,13,1404,2022-07-03,2022
1316,V1035,North Hub,Preventive,Transmission,8,4407,2022-04-10,2022
1317,V1037,East Hub,Preventive,Engine,28,2431,2022-04-12,2022
1318,V1011,South Hub,Corrective,Brake,17,3583,2022-10-11,2022
1319,V1011,South Hub,Preventive,Brake,15,2944,2022-02-21,2022
1320,V1053,South Hub,Corrective,Engine,8,3572,2022-04-18,2022
1321,V1029,South Hub,Corrective,Transmission,17,2203,2022-09-27,2022
1322,V1056,West Hub,Preventive,Engine,27,1983,2022-03-08,2022
1323,V1012,West Hub,Corrective,Transmission,14,4318,2022-11-22,2022
1324,V1058,North Hub,Preventive,Suspension,15,3209,2022-03-18,2022
1325,V1015,North Hub,Corrective,Brake,18,4963,2022-10-27,2022
1326,V1013,North Hub,Corrective,Suspension,23,1331,2022-03-27,2022
1327,V1024,East Hub,Corrective,Suspension,24,4603,2022-04-02,2022
1328,V1045,East Hub,Corrective,Electrical,18,4681,2022-05-18,2022
1329,V1025,North Hub,Preventive,Brake,26,2462,2022-08-20,2022
1330,V1025,South Hub,Corrective,Electrical,15,3889,2022-10-20,2022
1331,V1059,East Hub,Corrective,Suspension,13,1494,2022-03-10,2022
1332,V1018,West Hub,Corrective,Brake,10,1137,2022-08-27,2022
1333,V1039,East Hub,Corrective,Electrical,24,4630,2022-08-10,2022
1334,V1023,West Hub,Corrective,Transmission,21,3932,2022-01-13,2022
1335,V1028,South Hub,Corrective,Engine,13,3741,2022-02-12,2022
1336,V1053,North Hub,Corrective,Brake,17,1606,2022-03-02,2022
1337,V1023,North Hub,Preventive,Transmission,10,2410,2022-12-12,2022
1338,V1016,East Hub,Corrective,Brake,18,1929,2022-10-06,2022
1339,V1000,East Hub,Corrective,Transmission,16,4108,2022-07-27,2022
1340,V1048,North Hub,Corrective,Suspension,26,2022,2022-07-23,2022
1341,V1014,South Hub,Corrective,Brake,15,4639,2022-08-25,2022
1342,V1050,North Hub,Corrective,Brake,18,4312,2022-12-24,2022
1343,V1013,West Hub,Corrective,Suspension,21,1046,2022-07-11,2022
1344,V1036,South Hub,Corrective,Engine,12,4894,2022-12-04,2022
1345,V1021,South Hub,Corrective,Electrical,19,4104,2022-12-20,2022
1346,V1019,East Hub,Preventive,Suspension,25,1063,2022-03-13,2022
1347,V1021,West Hub,Corrective,Brake,12,4000,2022-02-02,2022
1348,V1024,South Hub,Corrective,Engine,25,3493,2022-10-19,2022
1349,V1040,East Hub,Preventive,Brake,22,1654,2022-12-12,2022
1350,V1011,North Hub,Corrective,Engine,25,2329,2022-04-12,2022
1351,V1058,West Hub,Corrective,Brake,10,2709,2022-05-30,2022
1352,V1033,North Hub,Corrective,Engine,29,3819,2022-09-23,2022
1353,V1010,East Hub,Corrective,Electrical,8,2086,2022-02-26,2022
1354,V1034,West Hub,Corrective,Engine,12,3986,2022-04-16,2022
1355,V1055,South Hub,Corrective,Electrical,12,4689,2022-03-23,2022
1356,V1036,East Hub,Preventive,Suspension,27,4559,2022-05-22,2022
1357,V1000,South Hub,Corrective,Engine,14,4070,2022-11-06,2022
1358,V1033,East Hub,Corrective,Electrical,15,4590,2022-10-22,2022
1359,V1047,North Hub,Corrective,Electrical,9,3640,2022-12-25,2022
1360,V1050,East Hub,Corrective,Suspension,30,2234,2022-08-01,2022
1361,V1011,West Hub,Corrective,Electrical,15,2302,2022-12-24,2022
1362,V1006,West Hub,Preventive,Brake,26,2093,2022-05-21,2022
1363,V1034,East Hub,Preventive,Brake,28,4842,2022-07-30,2022
1364,V1007,East Hub,Preventive,Engine,25,4932,2022-06-16,2022
1365,V1028,South Hub,Corrective,Brake,21,4945,2022-01-23,2022
1366,V1001,North Hub,Corrective,Electrical,22,3615,2022-07-24,2022
1367,V1025,North Hub,Preventive,Transmission,14,1739,2022-12-30,2022
1368,V1020,West Hub,Corrective,Electrical,12,1358,2022-02-12,2022
1369,V1042,South Hub,Corrective,Brake,25,4656,2022-05-23,2022
1370,V1010,North Hub,Preventive,Brake,13,3209,2022-03-05,2022
1371,V1047,West Hub,Preventive,Engine,25,891,2022-12-13,2022
1372,V1009,West Hub,Corrective,Brake,16,2574,2022-01-18,2022
1373,V1034,South Hub,Corrective,Engine,29,1642,2022-07-19,2022
1374,V1019,West Hub,Preventive,Suspension,30,838,2022-01-25,2022
1375,V1049,South Hub,Preventive,Transmission,20,2754,2022-04-13,2022
1376,V1001,West Hub,Preventive,Engine,10,3561,2022-04-09,2022
1377,V1042,North Hub,Preventive,Engine,29,2175,2022-03-27,2022
1378,V1026,North Hub,Corrective,Transmission,9,2352,2022-11-16,2022
1379,V1059,West Hub,Corrective,Engine,14,2703,2022-04-20,2022
1380,V1022,East Hub,Preventive,Engine,11,4094,2022-12-01,2022
1381,V1000,West Hub,Preventive,Electrical,18,2603,2022-02-03,2022
1382,V1052,East Hub,Corrective,Engine,29,1351,2022-04-22,2022
1383,V1019,West Hub,Preventive,Suspension,21,2204,2022-05-09,2022
1384,V1038,East Hub,Corrective,Brake,11,3520,2022-03-31,2022
1385,V1048,East Hub,Corrective,Engine,28,3545,2022-01-10,2022
1386,V1058,West Hub,Corrective,Suspension,27,2704,2022-09-15,2022
1387,V1045,North Hub,Preventive,Engine,26,1816,2022-06-08,2022
1388,V1047,West Hub,Preventive,Suspension,15,1450,2022-01-31,2022
1389,V1023,West Hub,Corrective,Brake,12,2042,2022-07-12,2022
1390,V1041,North Hub,Preventive,Suspension,14,4435,2022-06-18,2022
1391,V1017,East Hub,Preventive,Suspension,12,4198,2022-11-28,2022
1392,V1048,North Hub,Preventive,Transmission,17,3607,2022-05-05,2022
1393,V1034,North Hub,Preventive,Brake,14,3925,2022-09-24,2022
1394,V1011,West Hub,Preventive,Engine,18,4827,2022-02-05,2022
1395,V1003,South Hub,Preventive,Brake,14,1551,2022-03-30,2022
1396,V1035,South Hub,Preventive,Suspension,26,1440,2022-08-07,2022
1397,V1019,South Hub,Preventive,Brake,22,4273,2022-04-01,2022
1398,V1015,East Hub,Corrective,Suspension,27,4472,2022-11-22,2022
1399,V1017,West Hub,Preventive,Transmission,14,4062,2022-07-13,2022
1400,V1030,West Hub,Corrective,Suspension,13,4350,2022-03-21,2022
1401,V1001,West Hub,Corrective,Engine,23,3259,2022-11-01,2022
1402,V1009,South Hub,Corrective,Electrical,25,4598,2022-06-06,2022
1403,V1018,West Hub,Corrective,Engine,22,3529,2022-03-11,2022
1404,V1030,South Hub,Preventive,Brake,30,834,2022-01-07,2022
1405,V1046,East Hub,Corrective,Electrical,24,4206,2022-07-22,2022
1406,V1024,West Hub,Corrective,Suspension,19,1383,2022-07-29,2022
1407,V1058,North Hub,Corrective,Suspension,9,2130,2022-04-10,2022
1408,V1016,East Hub,Corrective,Transmission,21,1272,2022-11-30,2022
1409,V1059,West Hub,Preventive,Brake,20,4713,2022-01-18,2022
1410,V1040,North Hub,Preventive,Transmission,19,4531,2022-12-15,2022
1411,V1016,South Hub,Preventive,Engine,12,1756,2022-02-17,2022
1412,V1045,West Hub,Corrective,Suspension,28,1458,2022-09-23,2022
1413,V1056,West Hub,Preventive,Electrical,14,2871,2022-12-21,2022
1414,V1032,West Hub,Corrective,Electrical,17,1528,2022-02-25,2022
1415,V1036,East Hub,Preventive,Transmission,28,2516,2022-07-23,2022
1416,V1019,North Hub,Preventive,Electrical,30,812,2022-02-19,2022
1417,V1049,West Hub,Corrective,Transmission,10,4330,2022-03-29,2022
1418,V1023,South Hub,Preventive,Brake,13,4785,2022-04-04,2022
1419,V1007,West Hub,Preventive,Brake,24,2446,2022-01-31,2022
1420,V1051,South Hub,Corrective,Electrical,13,4410,2022-11-17,2022
1421,V1006,South Hub,Preventive,Transmission,27,1502,2022-07-13,2022
1422,V1017,North Hub,Corrective,Engine,11,2723,2022-09-02,2022
1423,V1043,North Hub,Preventive,Engine,23,2979,2022-01-04,2022
1424,V1037,North Hub,Preventive,Brake,29,859,2022-07-12,2022
1425,V1033,East Hub,Corrective,Electrical,27,3560,2022-11-06,2022
1426,V1021,East Hub,Corrective,Transmission,21,2762,2022-07-04,2022
1427,V1025,West Hub,Preventive,Transmission,29,3505,2022-02-21,2022
1428,V1029,West Hub,Preventive,Engine,8,1806,2022-09-29,2022
1429,V1044,South Hub,Corrective,Electrical,16,4692,2022-09-21,2022
1430,V1042,South Hub,Preventive,Transmission,21,936,2022-11-21,2022
1431,V1055,North Hub,Corrective,Electrical,19,2713,2022-11-07,2022
1432,V1025,North Hub,Corrective,Electrical,23,4700,2022-12-04,2022
1433,V1057,North Hub,Corrective,Transmission,30,2398,2022-12-31,2022
1434,V1055,North Hub,Preventive,Electrical,12,1513,2022-06-04,2022
1435,V1035,West Hub,Preventive,Electrical,29,1747,2022-09-04,2022
1436,V1034,South Hub,Preventive,Brake,29,2196,2022-12-04,2022
1437,V1005,North Hub,Corrective,Engine,30,2112,2022-06-17,2022
1438,V1049,East Hub,Preventive,Transmission,20,4701,2022-12-10,2022
1439,V1042,South Hub,Corrective,Engine,11,3526,2022-04-25,2022
1440,V1049,North Hub,Corrective,Electrical,26,3926,2022-12-01,2022
1441,V1050,West Hub,Preventive,Brake,28,2922,2022-03-01,2022
1442,V1005,North Hub,Preventive,Transmission,17,2341,2022-03-01,2022
1443,V1023,South Hub,Corrective,Electrical,26,813,2022-06-09,2022
1444,V1037,South Hub,Corrective,Electrical,9,3418,2022-07-06,2022
1445,V1059,South Hub,Preventive,Engine,29,4038,2022-01-05,2022
1446,V1054,West Hub,Corrective,Brake,25,3231,2022-04-23,2022
1447,V1043,West Hub,Preventive,Suspension,23,3121,2022-03-16,2022
1448,V1054,North Hub,Corrective,Transmission,29,4915,2022-12-19,2022
1449,V1017,West Hub,Preventive,Electrical,11,3187,2022-12-27,2022
1450,V1003,East Hub,Preventive,Brake,20,2643,2022-12-25,2022
1451,V1059,South Hub,Corrective,Electrical,9,3250,2022-12-04,2022
1452,V1001,West Hub,Corrective,Electrical,13,4678,2022-06-28,2022
1453,V1025,North Hub,Corrective,Transmission,20,2398,2022-12-25,2022
1454,V1025,North Hub,Preventive,Transmission,25,1243,2022-12-30,2022
1455,V1029,South Hub,Preventive,Electrical,17,4752,2022-05-30,2022
1456,V1013,South Hub,Preventive,Engine,12,3767,2022-10-22,2022
1457,V1043,South Hub,Corrective,Electrical,11,2178,2022-01-29,2022
1458,V1022,West Hub,Preventive,Engine,11,1761,2022-09-21,2022
1459,V1021,West Hub,Preventive,Electrical,28,2807,2022-01-18,2022
1460,V1015,West Hub,Corrective,Transmission,11,2213,2022-12-01,2022
1461,V1049,North Hub,Corrective,Electrical,20,3054,2022-11-20,2022
1462,V1028,East Hub,Preventive,Engine,28,1755,2022-02-12,2022
1463,V1031,South Hub,Preventive,Suspension,11,4728,2022-05-21,2022
1464,V1047,North Hub,Preventive,Electrical,30,4766,2022-11-27,2022
1465,V1027,East Hub,Preventive,Engine,30,3464,2022-02-02,2022
1466,V1058,South Hub,Corrective,Engine,30,4025,2022-10-12,2022
1467,V1050,West Hub,Preventive,Suspension,25,1816,2022-04-17,2022
1468,V1057,North Hub,Preventive,Suspension,29,2274,2022-01-03,2022
1469,V1028,East Hub,Preventive,Engine,25,1855,2022-10-22,2022
1470,V1041,South Hub,Preventive,Suspension,14,2903,2022-01-18,2022
1471,V1007,East Hub,Corrective,Suspension,10,2205,2022-08-05,2022
1472,V1000,South Hub,Corrective,Engine,29,3203,2022-12-04,2022
1473,V1028,South Hub,Corrective,Transmission,25,3684,2022-11-07,2022
1474,V1032,South Hub,Preventive,Engine,25,2742,2022-01-19,2022
1475,V1009,East Hub,Preventive,Brake,14,2569,2022-10-30,2022
1476,V1017,South Hub,Corrective,Engine,19,2888,2022-05-14,2022
1477,V1041,South Hub,Corrective,Electrical,20,1482,2022-05-11,2022
1478,V1027,South Hub,Preventive,Engine,29,3006,2022-11-21,2022
1479,V1041,South Hub,Corrective,Suspension,30,4989,2022-11-06,2022
1480,V1026,South Hub,Corrective,Electrical,13,3904,2022-01-14,2022
1481,V1015,North Hub,Corrective,Engine,27,1701,2022-12-17,2022
1482,V1026,North Hub,Corrective,Engine,25,3772,2022-06-20,2022
1483,V1009,South Hub,Corrective,Engine,16,1602,2022-07-13,2022
1484,V1024,North Hub,Preventive,Brake,15,3311,2022-10-29,2022
1485,V1006,East Hub,Corrective,Suspension,23,3020,2022-11-08,2022
1486,V1057,North Hub,Preventive,Transmission,11,3991,2022-04-03,2022
1487,V1051,West Hub,Corrective,Suspension,19,1845,2022-05-13,2022
1488,V1043,South Hub,Preventive,Brake,8,3903,2022-10-18,2022
1489,V1003,East Hub,Preventive,Suspension,16,4226,2022-12-28,2022
1490,V1011,West Hub,Corrective,Electrical,22,4914,2022-05-27,2022
1491,V1027,South Hub,Corrective,Engine,16,3303,2022-07-28,2022
1492,V1054,North Hub,Preventive,Engine,18,2766,2022-02-17,2022
1493,V1036,North Hub,Preventive,Transmission,13,4837,2022-01-06,2022
1494,V1043,South Hub,Corrective,Electrical,21,1821,2022-07-27,2022
1495,V1039,South Hub,Preventive,Electrical,8,3626,2022-05-06,2022
1496,V1058,North Hub,Corrective,Brake,29,2643,2022-03-31,2022
1497,V1023,South Hub,Corrective,Engine,10,4262,2022-09-11,2022
1498,V1010,East Hub,Preventive,Transmission,20,2846,2022-10-04,2022
1499,V1018,East Hub,Corrective,Transmission,11,2968,2022-04-20,2022
1500,V1047,West Hub,Preventive,Transmission,8,1090,2022-08-26,2022
